MSSubClass,MSZoning,LotFrontage,LotArea,Street,LotShape,LandContour,LandSlope,Condition1,BldgType,OverallQual,OverallCond,YearBuilt,CentralAir,GarageArea,PoolArea,YrSold,SaleType,SalePrice
60,6.0,65.0,8450,2.0,1.0,1.0,1.0,3.0,1.0,7,5,2003,1.0,548,0,2008,2.0,208500
20,6.0,80.0,9600,2.0,1.0,1.0,1.0,2.0,1.0,6,8,1976,1.0,460,0,2007,2.0,181500
60,6.0,68.0,11250,2.0,2.0,1.0,1.0,3.0,1.0,7,5,2001,1.0,608,0,2008,2.0,223500
70,6.0,60.0,9550,2.0,2.0,1.0,1.0,3.0,1.0,7,5,1915,1.0,642,0,2006,2.0,140000
60,6.0,84.0,14260,2.0,2.0,1.0,1.0,3.0,1.0,8,5,2000,1.0,836,0,2008,2.0,250000
50,6.0,85.0,14115,2.0,2.0,1.0,1.0,3.0,1.0,5,5,1993,1.0,480,0,2009,2.0,143000
20,6.0,75.0,10084,2.0,1.0,1.0,1.0,3.0,1.0,8,5,2004,1.0,636,0,2007,2.0,307000
50,8.0,51.0,6120,2.0,1.0,1.0,1.0,1.0,1.0,7,5,1931,1.0,468,0,2008,2.0,129900
190,6.0,50.0,7420,2.0,1.0,1.0,1.0,1.0,2.0,5,6,1939,1.0,205,0,2008,2.0,118000
20,6.0,70.0,11200,2.0,1.0,1.0,1.0,3.0,1.0,5,5,1965,1.0,384,0,2008,2.0,129500
60,6.0,85.0,11924,2.0,2.0,1.0,1.0,3.0,1.0,9,5,2005,1.0,736,0,2006,3.0,345000
20,6.0,91.0,10652,2.0,2.0,1.0,1.0,3.0,1.0,7,5,2006,1.0,840,0,2007,3.0,279500
45,8.0,51.0,6120,2.0,1.0,1.0,1.0,3.0,1.0,7,8,1929,1.0,576,0,2007,2.0,132000
90,6.0,72.0,10791,2.0,1.0,1.0,1.0,3.0,3.0,4,5,1967,1.0,516,0,2006,2.0,90000
20,6.0,66.0,13695,2.0,1.0,1.0,1.0,9.0,1.0,5,5,2004,1.0,576,0,2008,2.0,159000
20,6.0,70.0,7560,2.0,1.0,1.0,1.0,3.0,1.0,5,6,1958,1.0,294,0,2009,4.0,139000
60,6.0,101.0,14215,2.0,2.0,1.0,1.0,3.0,1.0,8,5,2005,1.0,853,0,2006,3.0,325300
45,8.0,57.0,7449,2.0,1.0,2.0,1.0,3.0,1.0,7,7,1930,1.0,280,0,2007,2.0,139400
20,6.0,75.0,9742,2.0,1.0,1.0,1.0,3.0,1.0,8,5,2002,1.0,534,0,2008,2.0,230000
120,8.0,44.0,4224,2.0,1.0,1.0,1.0,3.0,4.0,5,7,1976,1.0,572,0,2007,2.0,129900
20,6.0,110.0,14230,2.0,1.0,1.0,1.0,3.0,1.0,8,5,2007,1.0,890,0,2009,2.0,256300
20,6.0,60.0,7200,2.0,1.0,1.0,1.0,3.0,1.0,5,7,1951,1.0,576,0,2010,2.0,134800
20,6.0,98.0,11478,2.0,1.0,1.0,1.0,3.0,1.0,8,5,2007,1.0,772,0,2010,2.0,306000
20,6.0,47.0,16321,2.0,2.0,1.0,1.0,3.0,1.0,5,6,1957,1.0,319,0,2006,2.0,207500
30,8.0,60.0,6324,2.0,2.0,1.0,1.0,2.0,1.0,4,6,1927,0.0,240,0,2008,2.0,68500
20,6.0,85.0,11049,2.0,1.0,1.0,1.0,3.0,1.0,8,5,2007,1.0,484,0,2008,2.0,179900
20,6.0,70.0,10552,2.0,2.0,1.0,1.0,3.0,1.0,5,5,1959,1.0,447,0,2010,2.0,165500
120,6.0,60.0,7313,2.0,1.0,1.0,1.0,3.0,4.0,9,5,2005,1.0,556,0,2007,2.0,277500
60,6.0,108.0,13418,2.0,1.0,1.0,1.0,3.0,1.0,8,5,2004,1.0,691,0,2006,2.0,309000
20,6.0,112.0,10859,2.0,1.0,1.0,1.0,3.0,1.0,5,5,1994,1.0,672,0,2009,2.0,145000
20,6.0,74.0,8532,2.0,1.0,1.0,1.0,3.0,1.0,5,6,1954,1.0,498,0,2009,2.0,153000
20,6.0,68.0,7922,2.0,1.0,1.0,1.0,3.0,1.0,5,7,1953,1.0,246,0,2010,2.0,109000
90,6.0,65.0,6040,2.0,1.0,1.0,1.0,3.0,3.0,4,5,1955,0.0,0,0,2008,2.0,82000
20,6.0,84.0,8658,2.0,1.0,1.0,1.0,3.0,1.0,6,5,1965,1.0,440,0,2006,2.0,160000
20,6.0,115.0,16905,2.0,1.0,1.0,1.0,3.0,1.0,5,6,1959,1.0,308,0,2007,2.0,170000
20,6.0,70.0,7945,2.0,1.0,1.0,1.0,3.0,1.0,5,6,1959,1.0,300,0,2006,2.0,141000
120,6.0,61.0,7658,2.0,1.0,1.0,1.0,3.0,4.0,9,5,2005,1.0,576,0,2010,2.0,319900
50,6.0,48.0,12822,2.0,2.0,1.0,1.0,3.0,1.0,7,5,2003,1.0,670,0,2009,2.0,239686
20,3.0,84.0,11096,2.0,1.0,1.0,1.0,3.0,1.0,8,5,2006,1.0,826,0,2007,2.0,249700
190,8.0,33.0,4456,2.0,1.0,1.0,1.0,3.0,2.0,4,5,1920,1.0,0,0,2009,3.0,113000
20,6.0,66.0,7742,2.0,1.0,1.0,1.0,3.0,1.0,5,7,1966,1.0,386,0,2007,2.0,127000
50,8.0,52.0,6240,2.0,1.0,1.0,1.0,3.0,1.0,6,6,1934,1.0,528,0,2006,2.0,114500
90,8.0,110.0,8472,1.0,3.0,2.0,2.0,4.0,3.0,5,5,1963,0.0,516,0,2010,2.0,110000
20,6.0,68.0,50271,2.0,2.0,4.0,1.0,3.0,1.0,9,5,1981,1.0,894,0,2006,2.0,385000
80,6.0,60.0,7134,2.0,1.0,2.0,2.0,3.0,1.0,5,5,1955,1.0,572,0,2007,2.0,130000
20,6.0,100.0,10175,2.0,2.0,1.0,1.0,3.0,1.0,6,5,1964,1.0,576,0,2008,2.0,180500
60,6.0,89.0,11645,2.0,2.0,1.0,1.0,3.0,1.0,7,5,2004,1.0,565,0,2006,2.0,196500
60,6.0,66.0,13682,2.0,3.0,3.0,1.0,3.0,1.0,10,5,2006,1.0,641,0,2006,3.0,438780
20,6.0,60.0,7200,2.0,1.0,2.0,1.0,3.0,1.0,5,7,1972,1.0,352,0,2008,2.0,124900
20,6.0,63.0,13072,2.0,1.0,1.0,1.0,9.0,1.0,6,5,2004,1.0,576,0,2006,3.0,158000
75,8.0,60.0,7200,2.0,1.0,1.0,1.0,3.0,1.0,5,7,1920,0.0,288,0,2007,2.0,101000
120,6.0,44.0,6442,2.0,2.0,1.0,1.0,3.0,4.0,8,5,2006,1.0,484,0,2007,2.0,202500
70,8.0,50.0,10300,2.0,2.0,2.0,1.0,5.0,1.0,7,6,1921,1.0,480,0,2010,2.0,140000
60,6.0,76.0,9591,2.0,1.0,1.0,1.0,3.0,1.0,8,5,2004,1.0,852,0,2007,2.0,317000
20,6.0,72.0,10665,2.0,2.0,1.0,1.0,3.0,1.0,7,5,2003,1.0,558,0,2007,2.0,226000
30,8.0,47.0,4608,2.0,1.0,1.0,1.0,1.0,1.0,4,6,1945,1.0,220,0,2010,2.0,80000
50,6.0,81.0,15593,2.0,1.0,1.0,1.0,3.0,1.0,7,4,1953,1.0,667,0,2006,2.0,225000
20,6.0,95.0,13651,2.0,2.0,1.0,1.0,3.0,1.0,7,6,1973,1.0,516,0,2007,2.0,244000
20,6.0,69.0,7599,2.0,1.0,1.0,1.0,3.0,1.0,4,6,1982,1.0,360,0,2007,2.0,129500
60,6.0,74.0,10141,2.0,2.0,1.0,1.0,3.0,1.0,7,5,1998,1.0,427,0,2009,2.0,185000
20,6.0,85.0,10200,2.0,1.0,1.0,1.0,3.0,1.0,5,7,1954,1.0,490,0,2010,2.0,144900
50,8.0,60.0,5790,2.0,1.0,1.0,1.0,3.0,1.0,3,6,1915,0.0,379,0,2010,2.0,107400
50,8.0,50.0,8635,2.0,1.0,1.0,1.0,3.0,1.0,5,5,1948,1.0,240,0,2008,2.0,127000
90,6.0,72.0,10778,2.0,1.0,1.0,1.0,3.0,3.0,4,5,1968,0.0,0,0,2010,2.0,136500
50,8.0,60.0,10440,2.0,1.0,1.0,1.0,3.0,1.0,5,6,1910,1.0,440,0,2009,2.0,110000
60,6.0,100.0,13000,2.0,1.0,1.0,1.0,3.0,1.0,6,6,1968,1.0,509,0,2009,2.0,193500
120,8.0,32.0,4500,2.0,1.0,1.0,1.0,3.0,4.0,6,5,1998,1.0,405,0,2006,2.0,153500
20,6.0,78.0,10206,2.0,1.0,1.0,1.0,3.0,1.0,8,5,2007,1.0,758,0,2008,2.0,245000
20,6.0,80.0,8892,2.0,2.0,1.0,1.0,3.0,1.0,5,5,1960,1.0,461,0,2007,4.0,126500
60,6.0,121.0,16059,2.0,1.0,1.0,1.0,3.0,1.0,8,5,1991,1.0,462,0,2006,2.0,260000
60,6.0,122.0,11911,2.0,3.0,1.0,1.0,3.0,1.0,6,5,2005,1.0,400,0,2009,2.0,174000
160,3.0,40.0,3951,2.0,1.0,1.0,1.0,3.0,4.0,6,5,2009,1.0,528,0,2009,3.0,164500
20,6.0,60.0,8070,2.0,1.0,1.0,1.0,3.0,1.0,4,5,1994,1.0,0,0,2007,2.0,123600
20,6.0,60.0,7200,2.0,1.0,1.0,1.0,3.0,1.0,4,5,1950,1.0,420,0,2006,2.0,109900
20,6.0,85.0,8500,2.0,1.0,1.0,1.0,3.0,1.0,5,3,1961,1.0,480,0,2006,2.0,98600
30,6.0,80.0,13360,2.0,2.0,3.0,1.0,3.0,1.0,5,7,1921,1.0,432,0,2009,2.0,163500
60,6.0,69.0,9337,2.0,2.0,1.0,1.0,3.0,1.0,6,5,1997,1.0,684,0,2007,2.0,204750
20,6.0,78.0,10264,2.0,2.0,1.0,1.0,3.0,1.0,7,5,1999,1.0,472,0,2006,2.0,214000
20,6.0,73.0,10921,2.0,1.0,3.0,1.0,3.0,1.0,4,5,1965,1.0,432,0,2007,2.0,94750
30,6.0,85.0,10625,2.0,1.0,1.0,1.0,3.0,1.0,5,5,1920,0.0,366,0,2010,4.0,83000
20,6.0,77.0,9320,2.0,2.0,1.0,1.0,3.0,1.0,4,5,1959,1.0,0,0,2010,2.0,128950
60,6.0,77.0,9206,2.0,1.0,1.0,1.0,3.0,1.0,6,5,1985,1.0,476,0,2010,2.0,178000
90,6.0,64.0,7018,2.0,1.0,2.0,1.0,3.0,3.0,5,5,1979,1.0,410,0,2009,2.0,118964
20,6.0,94.0,10402,2.0,2.0,1.0,1.0,3.0,1.0,7,5,2009,1.0,740,0,2010,2.0,198900
60,3.0,75.0,9375,2.0,1.0,1.0,1.0,3.0,1.0,8,5,2003,1.0,648,0,2008,2.0,250000
30,8.0,60.0,10800,2.0,1.0,1.0,1.0,3.0,1.0,4,7,1885,1.0,273,0,2007,2.0,100000
20,8.0,50.0,6000,2.0,1.0,1.0,1.0,3.0,1.0,5,5,1948,1.0,250,0,2008,2.0,115000
50,8.0,85.0,8500,2.0,1.0,1.0,1.0,1.0,1.0,5,7,1919,0.0,0,0,2007,2.0,115000
20,6.0,105.0,11751,2.0,2.0,1.0,1.0,3.0,1.0,6,6,1977,1.0,546,0,2010,4.0,190000
50,6.0,75.0,9525,2.0,1.0,1.0,1.0,3.0,1.0,6,4,1954,1.0,325,0,2006,2.0,136900
60,6.0,77.0,9965,2.0,1.0,1.0,1.0,3.0,1.0,7,5,2007,1.0,792,0,2007,3.0,383970
70,6.0,61.0,7259,2.0,2.0,1.0,2.0,3.0,1.0,6,8,1945,1.0,180,0,2007,2.0,259500
160,3.0,34.0,3230,2.0,1.0,1.0,1.0,3.0,4.0,6,5,1999,1.0,440,0,2007,2.0,176000
20,6.0,74.0,8536,2.0,1.0,1.0,1.0,3.0,1.0,5,5,2006,1.0,430,0,2007,3.0,155000
60,6.0,90.0,12376,2.0,1.0,1.0,1.0,3.0,1.0,7,5,1990,1.0,594,0,2010,2.0,320000
60,6.0,65.0,8461,2.0,1.0,1.0,1.0,3.0,1.0,6,5,2005,1.0,390,0,2006,3.0,163990
50,8.0,50.0,6060,2.0,1.0,1.0,1.0,3.0,1.0,4,5,1939,1.0,264,0,2007,2.0,100000
20,6.0,75.0,9464,2.0,1.0,1.0,1.0,3.0,1.0,6,7,1958,1.0,288,0,2008,2.0,136000
120,6.0,55.0,7892,2.0,1.0,1.0,1.0,3.0,4.0,6,5,1993,1.0,530,0,2008,2.0,153900
20,6.0,48.0,17043,2.0,2.0,1.0,1.0,3.0,1.0,6,5,1979,1.0,435,0,2009,2.0,181000
190,8.0,60.0,6780,2.0,1.0,1.0,1.0,3.0,2.0,6,8,1935,0.0,0,0,2006,2.0,84500
45,8.0,55.0,4388,2.0,2.0,2.0,1.0,2.0,1.0,5,7,1930,1.0,0,0,2007,2.0,87000
60,6.0,69.0,7590,2.0,1.0,1.0,1.0,6.0,1.0,6,5,1966,1.0,453,0,2006,2.0,155000
20,6.0,69.0,8973,2.0,1.0,1.0,1.0,3.0,1.0,5,7,1958,1.0,750,0,2006,2.0,150000
60,6.0,88.0,14200,2.0,1.0,1.0,1.0,3.0,1.0,7,6,1966,1.0,487,0,2006,2.0,226000
20,6.0,75.0,7388,2.0,1.0,1.0,1.0,3.0,1.0,5,6,1959,1.0,624,0,2007,2.0,150750
20,6.0,78.0,10335,2.0,2.0,1.0,1.0,3.0,1.0,5,6,1968,1.0,440,0,2006,2.0,180000
20,6.0,80.0,10400,2.0,1.0,1.0,1.0,3.0,1.0,7,6,1970,1.0,530,0,2008,2.0,174000
90,6.0,82.0,11070,2.0,1.0,1.0,1.0,3.0,3.0,7,5,1988,1.0,766,0,2006,2.0,171000
60,6.0,73.0,9066,2.0,2.0,1.0,1.0,3.0,1.0,8,5,1999,1.0,660,0,2008,2.0,230000
60,6.0,65.0,15426,2.0,2.0,1.0,1.0,3.0,1.0,6,5,1997,1.0,470,0,2009,2.0,231500
20,6.0,70.0,10500,2.0,1.0,1.0,1.0,3.0,1.0,4,5,1971,1.0,0,0,2010,6.0,115000
20,6.0,78.0,11645,2.0,1.0,1.0,1.0,3.0,1.0,7,5,2005,1.0,660,0,2006,2.0,260000
50,6.0,71.0,8520,2.0,1.0,1.0,1.0,1.0,1.0,5,4,1952,1.0,720,0,2010,2.0,166000
20,6.0,78.0,10335,2.0,2.0,1.0,1.0,3.0,1.0,7,5,1999,1.0,577,0,2009,2.0,204000
90,8.0,70.0,9100,2.0,1.0,1.0,1.0,9.0,3.0,5,5,1963,1.0,504,0,2006,6.0,125000
30,8.0,51.0,6120,2.0,1.0,1.0,1.0,3.0,1.0,5,7,1931,1.0,180,0,2009,2.0,105000
20,6.0,63.0,7500,2.0,1.0,1.0,1.0,3.0,1.0,7,5,2004,1.0,0,0,2008,2.0,141000
20,6.0,120.0,10356,2.0,1.0,1.0,1.0,3.0,1.0,5,6,1975,1.0,440,0,2007,2.0,122000
20,6.0,107.0,13891,2.0,1.0,1.0,1.0,3.0,1.0,8,5,2007,1.0,866,0,2008,3.0,372402
30,8.0,84.0,11340,2.0,1.0,1.0,1.0,3.0,1.0,6,5,1923,1.0,312,0,2006,2.0,125000
50,6.0,60.0,9600,2.0,1.0,1.0,1.0,1.0,1.0,6,5,1924,0.0,0,0,2008,2.0,79000
20,6.0,60.0,7200,2.0,1.0,1.0,1.0,3.0,1.0,5,7,1950,1.0,625,0,2006,2.0,109500
60,6.0,92.0,12003,2.0,1.0,1.0,1.0,3.0,1.0,8,5,2009,1.0,680,0,2010,3.0,269500
60,3.0,100.0,12552,2.0,1.0,1.0,1.0,3.0,1.0,7,5,2004,1.0,678,0,2010,2.0,254900
60,6.0,134.0,19378,2.0,2.0,3.0,1.0,3.0,1.0,7,5,2005,1.0,576,0,2006,3.0,320000
60,6.0,110.0,13688,2.0,2.0,1.0,1.0,3.0,1.0,9,5,2003,1.0,726,0,2008,2.0,412500
20,6.0,95.0,12182,2.0,1.0,1.0,1.0,3.0,1.0,7,5,2005,1.0,532,0,2010,3.0,220000
45,6.0,55.0,5500,2.0,1.0,1.0,1.0,3.0,1.0,4,6,1956,1.0,0,0,2007,2.0,103200
40,8.0,40.0,5400,2.0,1.0,1.0,1.0,3.0,1.0,6,7,1926,1.0,216,0,2007,2.0,152000
190,6.0,62.0,10106,2.0,1.0,1.0,1.0,3.0,2.0,5,7,1940,1.0,0,0,2008,2.0,127500
60,6.0,86.0,10562,2.0,1.0,1.0,1.0,3.0,1.0,8,5,2007,1.0,789,0,2007,3.0,325624
60,6.0,62.0,8244,2.0,2.0,1.0,1.0,3.0,1.0,7,5,2004,1.0,440,0,2007,2.0,183500
20,6.0,141.0,31770,2.0,2.0,1.0,1.0,3.0,1.0,6,5,1960,1.0,528,0,2010,2.0,215000
160,6.0,44.0,5306,2.0,2.0,1.0,1.0,3.0,4.0,7,7,1987,1.0,504,0,2006,2.0,239000
20,6.0,80.0,10197,2.0,2.0,1.0,1.0,3.0,1.0,6,5,1961,1.0,504,0,2008,4.0,163000
20,6.0,47.0,12416,2.0,2.0,1.0,1.0,3.0,1.0,6,5,1986,1.0,616,0,2008,2.0,184000
20,6.0,84.0,12615,2.0,1.0,1.0,1.0,3.0,1.0,6,7,1950,1.0,576,0,2007,2.0,243000
60,6.0,97.0,10029,2.0,2.0,1.0,1.0,3.0,1.0,6,5,1988,1.0,521,0,2007,2.0,211000
20,6.0,63.0,17423,2.0,2.0,1.0,1.0,3.0,1.0,9,5,2008,1.0,1166,0,2009,3.0,501837
30,8.0,60.0,8520,2.0,1.0,1.0,1.0,3.0,1.0,5,6,1923,1.0,480,0,2007,2.0,100000
70,6.0,54.0,7588,2.0,1.0,1.0,1.0,3.0,1.0,7,6,1920,1.0,216,0,2006,2.0,200100
20,6.0,60.0,9060,2.0,1.0,1.0,1.0,1.0,1.0,5,6,1957,1.0,252,0,2007,2.0,120000
50,8.0,63.0,11426,2.0,1.0,1.0,1.0,3.0,1.0,7,5,2003,1.0,484,0,2008,2.0,200000
50,6.0,92.0,7438,2.0,2.0,1.0,1.0,5.0,1.0,5,8,1908,1.0,576,0,2006,2.0,127000
75,8.0,90.0,22950,2.0,3.0,1.0,1.0,1.0,1.0,10,9,1892,1.0,840,0,2006,2.0,475000
50,6.0,60.0,10410,2.0,1.0,1.0,1.0,3.0,1.0,5,7,1916,1.0,180,0,2009,2.0,135000
90,6.0,64.0,7018,2.0,1.0,2.0,1.0,2.0,3.0,5,5,1979,1.0,528,0,2009,2.0,153337
120,6.0,41.0,4923,2.0,1.0,1.0,1.0,3.0,4.0,8,5,2001,1.0,682,0,2008,2.0,286000
70,6.0,70.0,10570,2.0,1.0,2.0,2.0,3.0,1.0,8,8,1932,1.0,440,0,2007,2.0,315000
20,6.0,68.0,9017,2.0,2.0,1.0,1.0,3.0,1.0,7,5,1999,1.0,666,0,2009,2.0,192000
20,6.0,60.0,7180,2.0,2.0,1.0,1.0,3.0,1.0,5,7,1972,1.0,352,0,2008,2.0,127000
20,6.0,79.0,9416,2.0,1.0,1.0,1.0,3.0,1.0,7,5,2007,1.0,786,0,2007,3.0,311872
75,6.0,174.0,25419,2.0,1.0,1.0,1.0,1.0,1.0,8,4,1918,1.0,795,512,2006,2.0,235000
75,8.0,92.0,5520,2.0,1.0,1.0,1.0,3.0,1.0,6,6,1912,1.0,0,0,2009,2.0,104000
20,6.0,76.0,9591,2.0,1.0,1.0,1.0,3.0,1.0,8,5,2004,1.0,856,0,2009,2.0,274900
20,8.0,80.0,8546,2.0,1.0,1.0,1.0,3.0,1.0,4,5,2003,1.0,440,0,2010,2.0,140000
20,6.0,75.0,10125,2.0,1.0,1.0,1.0,3.0,1.0,6,6,1977,1.0,473,0,2008,2.0,171500
50,6.0,50.0,7000,2.0,1.0,1.0,1.0,1.0,1.0,6,6,1924,1.0,398,0,2006,4.0,112000
50,8.0,50.0,3500,2.0,1.0,1.0,1.0,3.0,1.0,5,7,1947,1.0,240,0,2009,2.0,110000
20,6.0,99.0,11851,2.0,1.0,1.0,1.0,3.0,1.0,7,5,1990,1.0,500,0,2009,2.0,180500
20,6.0,40.0,13673,2.0,2.0,1.0,1.0,9.0,1.0,5,5,1962,1.0,349,0,2007,2.0,143900
20,6.0,75.0,8250,2.0,1.0,1.0,1.0,3.0,1.0,6,7,1964,1.0,504,0,2008,2.0,145000
30,6.0,67.0,5604,2.0,1.0,1.0,1.0,3.0,1.0,5,6,1925,0.0,0,0,2008,2.0,98000
20,6.0,83.0,10420,2.0,1.0,1.0,1.0,3.0,1.0,6,5,2009,1.0,460,0,2010,2.0,186000
60,3.0,72.0,8640,2.0,1.0,1.0,1.0,3.0,1.0,7,5,2009,1.0,644,0,2009,3.0,252678
20,6.0,43.0,13568,2.0,3.0,1.0,1.0,3.0,1.0,5,5,1995,1.0,576,0,2006,2.0,156000
20,6.0,72.0,10011,2.0,2.0,1.0,1.0,3.0,1.0,5,6,1957,1.0,447,0,2006,2.0,134450
20,6.0,65.0,8450,2.0,1.0,1.0,1.0,3.0,1.0,7,5,2004,1.0,484,0,2008,2.0,210000
70,8.0,57.0,9906,2.0,1.0,1.0,1.0,3.0,1.0,4,4,1925,0.0,210,0,2006,2.0,107000
120,6.0,43.0,3010,2.0,1.0,1.0,1.0,3.0,4.0,7,5,2005,1.0,438,0,2006,3.0,167240
20,6.0,73.0,8990,2.0,2.0,1.0,1.0,3.0,1.0,7,5,2006,1.0,675,0,2006,3.0,204900
60,6.0,85.0,11475,2.0,1.0,1.0,1.0,5.0,1.0,6,6,1975,1.0,434,0,2006,2.0,179900
20,6.0,70.0,10500,2.0,1.0,1.0,1.0,3.0,1.0,4,6,1971,1.0,576,0,2009,2.0,97000
20,6.0,103.0,13472,2.0,1.0,1.0,1.0,3.0,1.0,10,5,2003,1.0,968,0,2009,2.0,386250
60,6.0,82.0,9950,2.0,2.0,1.0,1.0,3.0,1.0,7,5,1995,1.0,721,0,2007,2.0,290000
20,6.0,70.0,8521,2.0,1.0,1.0,1.0,2.0,1.0,5,5,1967,1.0,336,0,2010,2.0,125000
120,6.0,43.0,3182,2.0,1.0,1.0,1.0,3.0,4.0,7,5,2005,1.0,430,0,2009,2.0,192500
20,6.0,73.0,8760,2.0,1.0,1.0,1.0,3.0,1.0,6,6,1959,1.0,312,0,2010,2.0,148000
60,6.0,174.0,15138,2.0,2.0,1.0,1.0,3.0,1.0,8,5,1995,1.0,810,0,2009,2.0,403000
20,6.0,75.0,10650,2.0,1.0,1.0,1.0,3.0,1.0,5,6,1976,1.0,308,0,2010,2.0,128200
160,8.0,21.0,1680,2.0,1.0,1.0,1.0,3.0,4.0,6,3,1971,1.0,264,0,2008,2.0,89500
20,6.0,65.0,8773,2.0,1.0,1.0,1.0,3.0,1.0,7,5,2004,1.0,494,0,2010,2.0,185500
20,6.0,93.0,12030,2.0,1.0,1.0,1.0,3.0,1.0,8,5,2007,1.0,818,0,2007,3.0,318000
50,6.0,52.0,8741,2.0,1.0,1.0,1.0,3.0,1.0,6,4,1945,1.0,220,0,2010,2.0,113000
20,3.0,75.0,9000,2.0,1.0,1.0,1.0,3.0,1.0,8,5,2008,1.0,750,0,2010,2.0,262500
30,8.0,40.0,3880,2.0,1.0,1.0,1.0,3.0,1.0,5,9,1945,1.0,0,0,2007,2.0,110500
50,8.0,63.0,5000,2.0,1.0,1.0,1.0,3.0,1.0,5,4,1900,0.0,352,0,2006,2.0,79000
160,6.0,75.0,10762,2.0,1.0,1.0,1.0,3.0,4.0,6,6,1980,1.0,288,0,2009,2.0,120000
20,6.0,80.0,10400,2.0,1.0,1.0,1.0,3.0,1.0,7,5,1988,1.0,604,0,2006,2.0,241500
190,8.0,69.0,9142,2.0,1.0,1.0,1.0,3.0,2.0,6,8,1910,0.0,440,0,2006,2.0,137000
20,6.0,75.0,11310,2.0,1.0,1.0,1.0,3.0,1.0,6,5,1954,1.0,451,0,2006,2.0,140000
60,6.0,72.0,11317,2.0,1.0,1.0,1.0,3.0,1.0,7,5,2003,1.0,500,0,2007,2.0,180000
30,6.0,55.0,5350,2.0,2.0,1.0,1.0,3.0,1.0,3,2,1940,1.0,0,0,2010,2.0,76500
120,8.0,44.0,4750,2.0,2.0,3.0,2.0,3.0,4.0,8,5,2006,1.0,538,0,2007,2.0,235000
60,6.0,65.0,8366,2.0,2.0,1.0,1.0,3.0,1.0,6,5,2004,1.0,520,0,2008,2.0,173000
80,6.0,85.0,9350,2.0,1.0,1.0,1.0,3.0,1.0,6,7,1964,1.0,309,0,2007,1.0,158000
20,6.0,70.0,8400,2.0,1.0,1.0,1.0,3.0,1.0,5,6,1957,1.0,294,0,2010,2.0,145000
60,6.0,66.0,8738,2.0,2.0,1.0,1.0,3.0,1.0,7,5,1999,1.0,429,0,2006,2.0,230000
60,3.0,64.0,8791,2.0,2.0,1.0,1.0,3.0,1.0,6,5,2003,1.0,673,0,2008,2.0,207500
20,6.0,68.0,8814,2.0,1.0,1.0,1.0,3.0,1.0,7,5,2006,1.0,660,0,2009,2.0,220000
60,6.0,80.0,12435,2.0,1.0,1.0,1.0,3.0,1.0,7,5,2001,1.0,564,0,2008,2.0,231500
20,8.0,70.0,12702,2.0,1.0,1.0,1.0,3.0,1.0,5,5,1956,1.0,308,0,2008,2.0,97000
80,6.0,120.0,19296,2.0,1.0,1.0,1.0,1.0,1.0,6,5,1962,1.0,884,0,2009,2.0,176000
60,6.0,69.0,9588,2.0,2.0,1.0,1.0,3.0,1.0,8,5,2007,1.0,868,0,2007,3.0,276000
80,6.0,88.0,8471,2.0,2.0,1.0,1.0,3.0,1.0,6,7,1977,1.0,492,0,2006,2.0,151000
50,8.0,50.0,5500,2.0,1.0,1.0,1.0,3.0,1.0,5,7,1929,1.0,484,0,2010,2.0,130000
30,8.0,30.0,5232,2.0,4.0,2.0,1.0,1.0,1.0,5,5,1925,0.0,504,0,2008,2.0,73000
20,6.0,78.0,12090,2.0,2.0,1.0,1.0,3.0,1.0,6,6,1981,1.0,576,0,2008,2.0,175500
60,6.0,70.0,11207,2.0,2.0,3.0,1.0,3.0,1.0,6,5,1997,1.0,413,0,2006,2.0,185000
75,6.0,60.0,8400,2.0,1.0,2.0,2.0,3.0,1.0,5,8,1939,1.0,240,0,2008,2.0,179500
30,8.0,71.0,6900,2.0,1.0,1.0,1.0,3.0,1.0,5,6,1940,1.0,924,0,2008,2.0,120500
60,3.0,84.0,10728,2.0,1.0,1.0,1.0,3.0,1.0,8,5,2006,1.0,1053,0,2006,3.0,266000
20,6.0,73.0,39104,2.0,2.0,4.0,3.0,3.0,1.0,7,7,1954,1.0,439,0,2008,2.0,241500
60,6.0,92.0,11764,2.0,2.0,1.0,1.0,3.0,1.0,8,7,1999,1.0,671,0,2010,2.0,290000
20,6.0,80.0,9600,2.0,1.0,1.0,1.0,2.0,1.0,6,6,1958,1.0,338,0,2009,2.0,139000
20,6.0,76.0,8314,2.0,1.0,1.0,1.0,3.0,1.0,5,7,1982,1.0,264,0,2007,2.0,124500
50,6.0,55.0,7264,2.0,1.0,1.0,1.0,3.0,1.0,7,7,1925,0.0,672,0,2009,2.0,205000
20,6.0,129.0,9196,2.0,2.0,1.0,1.0,3.0,1.0,7,5,2003,1.0,573,0,2010,2.0,201000
20,6.0,140.0,19138,2.0,1.0,1.0,1.0,3.0,1.0,4,5,1951,1.0,400,0,2010,2.0,141000
20,6.0,107.0,14450,2.0,1.0,1.0,1.0,3.0,1.0,9,5,2006,1.0,732,0,2007,3.0,415298
60,6.0,83.0,10005,2.0,1.0,1.0,1.0,3.0,1.0,7,5,1977,1.0,505,0,2008,2.0,192000
60,6.0,82.0,11287,2.0,1.0,1.0,1.0,3.0,1.0,7,6,1989,1.0,575,0,2007,2.0,228500
20,3.0,60.0,7200,2.0,1.0,1.0,1.0,3.0,1.0,6,5,2006,1.0,572,0,2006,3.0,185000
20,6.0,74.0,9612,2.0,1.0,1.0,1.0,2.0,1.0,8,5,2008,1.0,898,0,2009,3.0,244600
120,6.0,50.0,8012,2.0,1.0,1.0,1.0,3.0,4.0,6,5,1992,1.0,529,0,2007,2.0,179200
160,3.0,35.0,4251,2.0,2.0,1.0,1.0,3.0,4.0,7,5,2006,1.0,528,0,2007,3.0,164700
50,6.0,77.0,9786,2.0,2.0,2.0,1.0,3.0,1.0,6,7,1962,1.0,440,0,2006,2.0,159000
70,6.0,60.0,8730,2.0,1.0,1.0,1.0,5.0,1.0,6,7,1915,1.0,384,0,2007,2.0,153575
60,6.0,120.0,15611,2.0,1.0,1.0,1.0,3.0,1.0,8,5,2006,1.0,685,0,2006,3.0,233230
190,6.0,55.0,5687,2.0,1.0,2.0,1.0,3.0,2.0,5,6,1912,0.0,0,0,2008,2.0,135900
50,6.0,60.0,11409,2.0,1.0,1.0,1.0,3.0,1.0,5,4,1949,1.0,281,0,2009,2.0,131000
20,6.0,80.0,9600,2.0,1.0,1.0,1.0,3.0,1.0,6,5,1953,1.0,418,0,2009,2.0,167000
80,6.0,37.0,7937,2.0,2.0,1.0,1.0,3.0,1.0,6,6,1984,1.0,588,0,2006,2.0,142500
50,8.0,75.0,13710,2.0,1.0,1.0,1.0,3.0,1.0,5,5,1950,1.0,282,0,2007,2.0,152000
60,3.0,66.0,7399,2.0,2.0,1.0,1.0,3.0,1.0,7,5,1997,1.0,576,0,2007,2.0,239000
60,6.0,90.0,11700,2.0,1.0,1.0,1.0,3.0,1.0,6,6,1968,1.0,539,0,2007,2.0,175000
20,6.0,80.0,14000,2.0,1.0,1.0,1.0,3.0,1.0,6,8,1950,1.0,300,0,2009,2.0,158500
190,6.0,90.0,15750,2.0,1.0,1.0,1.0,3.0,2.0,5,5,1953,1.0,375,0,2006,2.0,157000
60,6.0,66.0,16226,2.0,4.0,1.0,1.0,3.0,1.0,8,5,1998,1.0,683,0,2007,2.0,267000
20,6.0,118.0,13704,2.0,2.0,1.0,1.0,3.0,1.0,7,5,2001,1.0,843,0,2006,2.0,205000
20,6.0,70.0,9800,2.0,1.0,1.0,1.0,3.0,1.0,5,7,1972,1.0,552,0,2006,2.0,149900
75,8.0,87.0,18386,2.0,1.0,1.0,1.0,3.0,1.0,7,9,1880,1.0,870,0,2008,2.0,295000
20,6.0,80.0,10386,2.0,1.0,1.0,1.0,3.0,1.0,8,5,2004,1.0,888,0,2007,2.0,305900
60,6.0,116.0,13474,2.0,1.0,1.0,1.0,2.0,1.0,7,5,1990,1.0,746,0,2007,2.0,225000
20,6.0,90.0,12378,2.0,2.0,1.0,1.0,3.0,1.0,9,5,2003,1.0,708,0,2006,2.0,360000
20,6.0,50.0,8000,2.0,1.0,1.0,1.0,3.0,1.0,6,6,1948,1.0,240,0,2009,2.0,132000
190,8.0,65.0,7800,2.0,1.0,1.0,1.0,1.0,2.0,5,7,1939,1.0,410,0,2006,2.0,119900
70,8.0,60.0,9600,2.0,1.0,1.0,1.0,3.0,1.0,7,7,1925,1.0,546,0,2006,2.0,178000
60,6.0,71.0,7795,2.0,2.0,1.0,1.0,3.0,1.0,7,5,2004,1.0,432,0,2009,2.0,188500
60,6.0,94.0,13005,2.0,2.0,1.0,1.0,3.0,1.0,7,7,1980,1.0,484,0,2009,2.0,260000
60,3.0,75.0,9000,2.0,1.0,1.0,1.0,3.0,1.0,8,5,2006,1.0,1025,0,2007,2.0,270000
60,6.0,90.0,9900,2.0,1.0,4.0,2.0,3.0,1.0,7,5,1993,1.0,656,0,2009,2.0,260000
60,6.0,111.0,16259,2.0,1.0,1.0,1.0,3.0,1.0,9,5,2006,1.0,840,0,2006,3.0,342643
60,6.0,99.0,12099,2.0,2.0,1.0,1.0,3.0,1.0,8,5,2004,1.0,872,0,2007,2.0,354000
60,6.0,86.0,10380,2.0,2.0,1.0,1.0,3.0,1.0,7,5,1986,1.0,576,0,2007,2.0,301000
20,8.0,49.0,5820,2.0,1.0,1.0,1.0,3.0,1.0,3,8,1955,1.0,220,0,2006,2.0,126175
80,6.0,96.0,11275,2.0,1.0,1.0,1.0,6.0,1.0,7,7,1967,1.0,564,0,2010,2.0,242000
45,8.0,50.0,5000,2.0,1.0,1.0,1.0,9.0,1.0,5,6,1941,0.0,360,0,2007,2.0,87000
120,6.0,32.0,10846,2.0,2.0,1.0,1.0,3.0,4.0,8,5,1993,1.0,473,0,2008,10.0,324000
20,6.0,80.0,11600,2.0,1.0,1.0,1.0,3.0,1.0,6,5,1960,1.0,292,0,2006,2.0,145250
70,8.0,60.0,6402,2.0,1.0,1.0,1.0,3.0,1.0,5,5,1920,0.0,189,0,2009,2.0,78000
20,6.0,70.0,8176,2.0,1.0,1.0,1.0,3.0,1.0,5,6,1958,1.0,308,0,2007,2.0,139000
20,6.0,85.0,10655,2.0,2.0,1.0,1.0,3.0,1.0,8,5,2003,1.0,880,0,2009,2.0,284000
120,8.0,59.0,8198,2.0,1.0,1.0,1.0,3.0,4.0,7,5,2004,1.0,484,0,2008,2.0,207000
60,6.0,59.0,9042,2.0,2.0,1.0,1.0,3.0,1.0,6,5,1998,1.0,472,0,2008,2.0,192000
20,6.0,86.0,14157,2.0,2.0,3.0,1.0,3.0,1.0,9,5,2005,1.0,676,0,2007,2.0,377426
20,6.0,70.0,9135,2.0,1.0,1.0,1.0,3.0,1.0,7,5,2002,1.0,532,0,2008,2.0,214000
20,6.0,91.0,14145,2.0,1.0,1.0,1.0,3.0,1.0,7,7,1984,1.0,440,0,2006,2.0,202500
20,6.0,66.0,12400,2.0,2.0,1.0,1.0,2.0,1.0,6,7,1958,1.0,297,0,2009,2.0,155000
60,6.0,85.0,14191,2.0,1.0,1.0,1.0,3.0,1.0,8,5,2002,1.0,431,0,2010,2.0,202900
20,5.0,60.0,8400,2.0,1.0,1.0,1.0,2.0,1.0,4,4,1950,1.0,294,0,2009,2.0,82000
120,6.0,63.0,8849,2.0,2.0,1.0,1.0,3.0,4.0,9,5,2005,1.0,564,0,2008,2.0,266000
160,8.0,36.0,2592,2.0,1.0,1.0,1.0,3.0,4.0,5,3,1976,1.0,336,0,2010,2.0,85000
50,6.0,65.0,6435,2.0,1.0,1.0,1.0,5.0,1.0,6,5,1939,1.0,312,0,2006,2.0,140200
60,6.0,56.0,20431,2.0,3.0,1.0,1.0,3.0,1.0,9,5,2005,1.0,706,0,2006,3.0,437154
120,6.0,68.0,7820,2.0,2.0,1.0,1.0,3.0,4.0,9,5,2007,1.0,617,0,2007,3.0,318061
50,6.0,60.0,9084,2.0,1.0,1.0,1.0,1.0,1.0,5,6,1941,0.0,200,0,2008,5.0,95000
30,8.0,60.0,8520,2.0,1.0,1.0,1.0,3.0,1.0,6,8,1928,1.0,484,0,2010,2.0,105900
50,6.0,60.0,8400,2.0,1.0,2.0,1.0,3.0,1.0,6,5,1940,1.0,240,0,2006,2.0,140000
20,6.0,105.0,11249,2.0,3.0,1.0,1.0,3.0,1.0,6,5,1995,1.0,521,0,2007,2.0,177500
120,8.0,44.0,4224,2.0,1.0,1.0,1.0,3.0,4.0,5,5,1976,1.0,528,0,2007,2.0,134000
80,6.0,92.0,6930,2.0,2.0,1.0,1.0,3.0,1.0,5,4,1958,1.0,288,0,2006,2.0,130000
60,6.0,78.0,12011,2.0,2.0,1.0,1.0,3.0,1.0,8,5,1998,1.0,592,0,2006,2.0,280000
85,6.0,64.0,7301,2.0,1.0,1.0,1.0,3.0,1.0,7,5,2003,1.0,672,0,2009,7.0,198500
70,8.0,59.0,10690,2.0,1.0,1.0,1.0,3.0,1.0,5,7,1920,1.0,468,0,2009,2.0,147000
80,6.0,101.0,9150,2.0,2.0,1.0,1.0,3.0,1.0,6,5,1962,1.0,296,0,2008,2.0,165000
20,6.0,78.0,7800,2.0,1.0,1.0,1.0,3.0,1.0,5,6,1954,1.0,244,0,2010,2.0,132000
50,6.0,80.0,17120,2.0,1.0,1.0,1.0,2.0,1.0,4,4,1959,1.0,680,0,2008,2.0,134432
120,6.0,50.0,7175,2.0,1.0,1.0,1.0,3.0,4.0,6,5,1984,1.0,264,0,2010,2.0,125000
20,6.0,79.0,10634,2.0,1.0,1.0,1.0,3.0,1.0,5,6,1953,1.0,270,0,2009,2.0,123000
60,6.0,65.0,8200,2.0,1.0,1.0,1.0,3.0,1.0,7,5,2003,1.0,434,0,2007,2.0,219500
85,6.0,57.0,8846,2.0,2.0,1.0,1.0,3.0,1.0,5,5,1996,1.0,576,0,2006,2.0,148000
60,3.0,102.0,11143,2.0,2.0,1.0,1.0,3.0,1.0,8,5,2004,1.0,610,0,2007,2.0,340000
20,6.0,88.0,11394,2.0,1.0,1.0,1.0,3.0,1.0,9,2,2010,1.0,834,0,2010,3.0,394432
60,6.0,60.0,8123,2.0,2.0,1.0,1.0,5.0,1.0,6,5,2000,1.0,463,0,2009,2.0,179000
50,6.0,50.0,5000,2.0,1.0,1.0,1.0,3.0,1.0,5,6,1924,1.0,308,0,2010,2.0,127000
20,3.0,60.0,7200,2.0,1.0,1.0,1.0,3.0,1.0,7,5,2006,1.0,572,0,2006,3.0,187750
60,6.0,79.0,9245,2.0,2.0,1.0,1.0,3.0,1.0,7,5,2006,1.0,639,0,2007,2.0,213500
45,5.0,60.0,9000,2.0,1.0,1.0,1.0,3.0,1.0,6,3,1928,0.0,360,0,2009,2.0,76000
120,6.0,43.0,3182,2.0,1.0,1.0,1.0,3.0,4.0,8,5,2004,1.0,430,0,2010,2.0,192000
50,6.0,58.0,8410,2.0,1.0,1.0,1.0,2.0,1.0,5,3,1910,1.0,0,0,2006,2.0,81000
80,6.0,72.0,7200,2.0,1.0,1.0,1.0,3.0,1.0,6,6,1976,1.0,352,0,2009,2.0,125000
20,6.0,93.0,9382,2.0,2.0,1.0,1.0,3.0,1.0,7,5,1999,1.0,577,0,2008,2.0,191000
60,6.0,96.0,12474,2.0,1.0,1.0,1.0,3.0,1.0,10,5,2007,1.0,846,0,2008,3.0,426000
50,6.0,50.0,8405,2.0,1.0,1.0,1.0,3.0,1.0,5,8,1900,1.0,384,0,2008,2.0,119000
60,6.0,71.0,12209,2.0,2.0,1.0,1.0,3.0,1.0,6,5,2001,1.0,560,0,2009,2.0,215000
50,6.0,60.0,10134,2.0,1.0,1.0,1.0,3.0,1.0,5,6,1940,1.0,240,0,2007,2.0,109000
20,6.0,68.0,9571,2.0,1.0,1.0,1.0,3.0,1.0,5,6,1956,1.0,596,0,2010,2.0,129000
20,6.0,60.0,7200,2.0,1.0,4.0,1.0,3.0,1.0,5,5,1972,1.0,600,0,2009,2.0,123000
60,6.0,69.0,7590,2.0,1.0,1.0,1.0,6.0,1.0,5,5,1962,1.0,264,0,2007,2.0,169500
30,8.0,60.0,8967,2.0,1.0,1.0,1.0,3.0,1.0,5,2,1920,1.0,338,0,2007,2.0,67000
60,3.0,65.0,8125,2.0,1.0,1.0,1.0,3.0,1.0,7,5,2006,1.0,438,0,2009,2.0,241000
120,6.0,38.0,14963,2.0,3.0,1.0,1.0,3.0,4.0,8,5,1996,1.0,500,0,2008,2.0,245500
20,6.0,65.0,8767,2.0,2.0,1.0,1.0,3.0,1.0,7,5,2005,1.0,400,0,2006,3.0,164990
30,6.0,60.0,10200,2.0,1.0,1.0,1.0,3.0,1.0,5,8,1940,1.0,240,0,2008,2.0,108000
60,6.0,93.0,12090,2.0,1.0,1.0,1.0,3.0,1.0,8,5,1998,1.0,420,0,2006,2.0,258000
50,6.0,51.0,10480,2.0,1.0,1.0,1.0,3.0,1.0,6,5,1936,1.0,240,0,2008,2.0,115000
70,6.0,63.0,15576,2.0,1.0,1.0,1.0,3.0,1.0,6,7,1915,1.0,308,0,2008,2.0,177000
60,6.0,109.0,14154,2.0,1.0,1.0,1.0,3.0,1.0,7,5,2006,1.0,947,0,2007,3.0,280000
60,3.0,85.0,10800,2.0,1.0,1.0,1.0,3.0,1.0,8,5,2007,1.0,836,0,2008,3.0,339750
20,6.0,68.0,9571,2.0,1.0,1.0,1.0,3.0,1.0,5,3,1958,1.0,350,0,2009,4.0,60000
190,6.0,100.0,34650,2.0,1.0,2.0,1.0,3.0,2.0,5,5,1955,0.0,572,0,2006,2.0,145000
30,8.0,56.0,8960,2.0,1.0,1.0,1.0,1.0,1.0,5,6,1927,1.0,360,0,2010,2.0,115000
60,6.0,59.0,11228,2.0,3.0,1.0,1.0,3.0,1.0,7,5,1993,1.0,678,0,2008,2.0,228000
20,6.0,73.0,8899,2.0,2.0,1.0,1.0,3.0,1.0,7,5,2007,1.0,396,0,2007,3.0,181134
60,6.0,74.0,7844,2.0,1.0,1.0,1.0,3.0,1.0,6,7,1978,1.0,440,0,2006,2.0,149500
70,6.0,86.0,22420,2.0,2.0,1.0,1.0,2.0,1.0,6,6,1918,0.0,864,0,2007,2.0,239000
50,6.0,60.0,8160,2.0,1.0,1.0,1.0,3.0,1.0,5,6,1940,0.0,240,0,2007,2.0,126000
20,6.0,65.0,8450,2.0,1.0,1.0,1.0,3.0,1.0,5,6,1968,1.0,304,0,2010,2.0,142000
90,8.0,78.0,7060,2.0,1.0,1.0,1.0,3.0,3.0,7,5,1997,1.0,784,0,2008,2.0,206300
20,6.0,100.0,21750,2.0,1.0,3.0,2.0,1.0,1.0,5,5,1954,1.0,520,0,2008,2.0,113000
60,6.0,80.0,9200,2.0,1.0,1.0,1.0,3.0,1.0,8,5,1998,1.0,696,0,2008,2.0,315000
20,6.0,72.0,9000,2.0,1.0,1.0,1.0,3.0,1.0,6,5,1956,1.0,297,0,2008,2.0,139000
60,8.0,60.0,3378,2.0,1.0,3.0,1.0,3.0,1.0,7,8,1946,1.0,240,0,2009,2.0,135000
20,6.0,77.0,8593,2.0,2.0,1.0,1.0,3.0,1.0,4,6,1957,1.0,352,0,2008,2.0,109008
20,6.0,64.0,6762,2.0,1.0,1.0,1.0,3.0,1.0,7,5,2007,1.0,628,0,2007,3.0,195400
20,6.0,130.0,11457,2.0,2.0,1.0,1.0,3.0,1.0,6,5,1988,1.0,576,0,2009,2.0,175000
50,8.0,60.0,5586,2.0,2.0,2.0,1.0,2.0,1.0,6,7,1920,1.0,0,0,2008,7.0,79900
160,8.0,24.0,1920,2.0,1.0,1.0,1.0,3.0,4.0,5,5,1971,1.0,440,0,2007,2.0,122500
60,6.0,100.0,10839,2.0,2.0,1.0,1.0,3.0,1.0,6,5,1997,1.0,470,0,2008,2.0,181000
60,6.0,43.0,10667,2.0,3.0,1.0,1.0,6.0,1.0,7,6,1996,1.0,550,0,2009,5.0,212000
50,8.0,40.0,4400,2.0,1.0,1.0,1.0,3.0,1.0,6,8,1920,1.0,440,0,2006,2.0,116000
45,8.0,50.0,6000,2.0,1.0,1.0,1.0,3.0,1.0,6,7,1926,1.0,180,0,2009,2.0,119000
30,6.0,40.0,4280,2.0,1.0,1.0,1.0,3.0,1.0,5,6,1913,0.0,352,0,2007,2.0,90350
50,6.0,67.0,12354,2.0,1.0,1.0,1.0,3.0,1.0,6,8,1920,1.0,528,0,2009,6.0,110000
20,6.0,105.0,15431,2.0,1.0,1.0,1.0,3.0,1.0,10,5,2008,1.0,672,0,2009,2.0,555000
90,6.0,92.0,12108,2.0,1.0,1.0,1.0,3.0,3.0,4,4,1955,0.0,0,0,2008,2.0,118000
50,8.0,52.0,6240,2.0,1.0,1.0,1.0,3.0,1.0,5,7,1930,1.0,360,0,2008,2.0,162900
120,6.0,53.0,3922,2.0,1.0,1.0,1.0,3.0,4.0,7,5,2006,1.0,648,0,2007,3.0,172500
60,6.0,70.0,8750,2.0,1.0,1.0,1.0,3.0,1.0,7,5,1994,1.0,493,0,2008,2.0,210000
20,6.0,73.0,9855,2.0,1.0,1.0,1.0,3.0,1.0,6,5,1956,1.0,480,0,2009,4.0,127500
20,6.0,137.0,16492,2.0,2.0,1.0,1.0,7.0,1.0,6,6,1966,1.0,578,0,2010,2.0,190000
50,8.0,50.0,8600,2.0,1.0,2.0,1.0,3.0,1.0,6,6,1937,1.0,198,0,2006,2.0,119500
50,8.0,50.0,6000,2.0,1.0,1.0,1.0,3.0,1.0,3,7,1948,1.0,308,0,2007,2.0,120000
30,8.0,70.0,5684,2.0,1.0,1.0,1.0,3.0,1.0,6,8,1930,1.0,270,0,2006,2.0,110000
20,6.0,62.0,70761,2.0,2.0,4.0,2.0,3.0,1.0,7,5,1975,1.0,576,0,2006,2.0,280000
60,3.0,75.0,9000,2.0,1.0,1.0,1.0,3.0,1.0,8,5,2008,1.0,676,0,2009,2.0,210000
90,6.0,63.0,9297,2.0,1.0,1.0,1.0,3.0,3.0,5,5,1976,1.0,560,0,2006,2.0,188000
20,6.0,80.0,9600,2.0,1.0,1.0,1.0,3.0,1.0,7,6,1973,1.0,528,0,2007,2.0,175500
70,8.0,34.0,4571,2.0,1.0,1.0,1.0,3.0,1.0,5,5,1916,0.0,513,0,2008,4.0,98000
60,3.0,75.0,8004,2.0,2.0,1.0,1.0,5.0,1.0,8,5,2009,1.0,552,0,2009,3.0,263435
70,6.0,60.0,7200,2.0,1.0,1.0,1.0,2.0,1.0,7,9,1936,1.0,576,0,2009,2.0,155000
20,6.0,60.0,8281,2.0,2.0,1.0,1.0,3.0,1.0,5,5,1965,1.0,360,0,2009,2.0,62383
70,6.0,74.0,11988,2.0,2.0,3.0,2.0,3.0,1.0,6,7,1934,1.0,240,0,2008,2.0,188700
20,6.0,60.0,8430,2.0,1.0,3.0,2.0,3.0,1.0,5,5,1978,1.0,0,0,2009,2.0,124000
20,6.0,85.0,10628,2.0,1.0,1.0,1.0,3.0,1.0,7,5,1970,1.0,526,0,2007,2.0,167000
70,6.0,79.0,9480,2.0,1.0,1.0,1.0,1.0,1.0,5,7,1942,1.0,312,0,2007,2.0,146500
20,6.0,98.0,11428,2.0,2.0,1.0,1.0,3.0,1.0,8,5,2006,1.0,866,0,2007,2.0,250000
60,6.0,76.0,9291,2.0,2.0,1.0,1.0,8.0,1.0,6,5,1993,1.0,506,0,2008,2.0,187000
60,6.0,92.0,11952,2.0,1.0,1.0,1.0,7.0,1.0,7,6,1977,1.0,534,0,2007,2.0,190000
180,8.0,35.0,3675,2.0,1.0,1.0,1.0,3.0,4.0,6,5,2005,1.0,525,0,2008,2.0,148000
20,6.0,110.0,14977,2.0,2.0,1.0,1.0,3.0,1.0,8,5,2006,1.0,908,0,2007,3.0,440000
120,6.0,41.0,5330,2.0,1.0,1.0,1.0,3.0,4.0,8,5,2000,1.0,499,0,2007,2.0,251000
20,6.0,80.0,8480,2.0,1.0,1.0,1.0,3.0,1.0,5,6,1963,1.0,624,0,2007,2.0,132500
20,6.0,75.0,13125,2.0,1.0,1.0,2.0,3.0,1.0,6,5,1997,1.0,508,0,2008,2.0,208900
60,6.0,105.0,13693,2.0,1.0,1.0,1.0,3.0,1.0,9,5,2006,1.0,694,0,2007,2.0,380000
20,6.0,79.0,10637,2.0,1.0,1.0,1.0,3.0,1.0,8,5,2007,1.0,826,0,2009,2.0,297000
30,8.0,50.0,5925,2.0,1.0,2.0,1.0,3.0,1.0,4,7,1937,1.0,672,0,2007,2.0,89471
20,6.0,98.0,16033,2.0,2.0,1.0,1.0,3.0,1.0,9,5,2004,1.0,772,0,2006,2.0,326000
20,6.0,72.0,11846,2.0,2.0,3.0,1.0,3.0,1.0,9,5,2003,1.0,874,0,2006,2.0,374000
70,8.0,50.0,2500,2.0,1.0,1.0,1.0,3.0,1.0,7,8,1915,1.0,164,0,2009,2.0,155000
20,6.0,80.0,9600,2.0,1.0,1.0,1.0,3.0,1.0,5,7,1950,1.0,264,0,2009,2.0,147000
20,6.0,79.0,10289,2.0,1.0,1.0,1.0,3.0,1.0,5,7,1965,1.0,515,0,2007,2.0,156000
20,6.0,70.0,12243,2.0,2.0,1.0,1.0,3.0,1.0,5,6,1971,1.0,487,0,2007,2.0,175000
190,6.0,60.0,10800,2.0,1.0,1.0,1.0,3.0,2.0,5,4,1900,0.0,520,0,2006,7.0,160000
50,6.0,79.0,9490,2.0,1.0,1.0,1.0,1.0,1.0,6,7,1941,1.0,240,0,2006,2.0,133000
60,6.0,105.0,15578,2.0,2.0,1.0,1.0,3.0,1.0,6,5,2006,1.0,429,0,2006,3.0,172785
20,6.0,70.0,7931,2.0,1.0,1.0,1.0,3.0,1.0,5,6,1960,1.0,308,0,2008,2.0,155000
30,8.0,50.0,5784,2.0,1.0,1.0,1.0,1.0,1.0,5,8,1938,1.0,273,0,2009,2.0,91300
50,6.0,60.0,9120,2.0,1.0,1.0,1.0,3.0,1.0,7,6,1925,1.0,240,0,2008,2.0,184000
20,6.0,65.0,7800,2.0,1.0,1.0,1.0,3.0,1.0,5,7,1967,1.0,288,0,2009,2.0,130000
20,6.0,70.0,7535,2.0,2.0,1.0,1.0,3.0,1.0,5,7,1958,1.0,297,0,2007,2.0,120000
60,3.0,75.0,9803,2.0,1.0,1.0,1.0,3.0,1.0,7,5,2005,1.0,603,0,2008,2.0,226700
20,6.0,70.0,9170,2.0,1.0,1.0,1.0,2.0,1.0,5,7,1965,1.0,461,0,2007,2.0,140000
20,6.0,100.0,15602,2.0,2.0,1.0,1.0,3.0,1.0,7,8,1959,1.0,484,0,2010,2.0,289000
160,6.0,24.0,2308,2.0,1.0,1.0,1.0,3.0,4.0,6,5,1974,1.0,440,0,2009,2.0,147000
90,8.0,60.0,7596,2.0,1.0,1.0,1.0,1.0,3.0,5,5,1952,1.0,400,0,2009,4.0,124500
60,6.0,80.0,9554,2.0,2.0,1.0,1.0,3.0,1.0,8,5,1993,1.0,471,0,2006,2.0,215000
20,3.0,75.0,7862,2.0,2.0,1.0,1.0,3.0,1.0,6,5,2009,1.0,676,0,2009,3.0,208300
70,8.0,60.0,9600,2.0,1.0,1.0,1.0,3.0,1.0,7,9,1928,1.0,360,0,2008,2.0,161000
20,6.0,80.0,9600,2.0,1.0,1.0,1.0,3.0,1.0,5,6,1959,1.0,270,0,2009,2.0,124500
20,6.0,75.0,14559,2.0,1.0,1.0,1.0,3.0,1.0,5,7,1951,1.0,288,0,2009,2.0,164900
120,6.0,40.0,6792,2.0,2.0,1.0,1.0,3.0,4.0,7,5,2005,1.0,474,0,2006,3.0,202665
20,6.0,70.0,9100,2.0,1.0,1.0,1.0,2.0,1.0,5,5,1958,1.0,624,0,2006,2.0,129900
20,6.0,71.0,9187,2.0,1.0,2.0,1.0,3.0,1.0,6,5,1983,1.0,484,0,2007,2.0,134000
45,6.0,55.0,10594,2.0,1.0,1.0,1.0,3.0,1.0,5,5,1926,0.0,200,0,2007,2.0,96500
20,6.0,94.0,12220,2.0,1.0,1.0,1.0,3.0,1.0,10,5,2009,1.0,900,0,2009,3.0,402861
60,6.0,79.0,10208,2.0,2.0,1.0,1.0,3.0,1.0,7,5,1996,1.0,889,0,2009,2.0,265000
70,6.0,53.0,10918,2.0,1.0,1.0,1.0,3.0,1.0,7,9,1926,1.0,282,0,2009,2.0,234000
190,6.0,60.0,10800,2.0,1.0,1.0,1.0,3.0,2.0,4,7,1900,0.0,0,0,2008,2.0,106250
20,6.0,90.0,11988,2.0,2.0,1.0,1.0,2.0,1.0,6,6,1957,1.0,336,0,2007,2.0,150000
50,8.0,50.0,5000,2.0,1.0,1.0,1.0,2.0,1.0,6,7,1947,1.0,420,0,2006,2.0,159000
60,6.0,130.0,40094,2.0,2.0,2.0,1.0,6.0,1.0,10,5,2007,1.0,884,0,2007,3.0,184750
60,6.0,95.0,11787,2.0,2.0,1.0,1.0,3.0,1.0,7,5,1996,1.0,834,0,2007,2.0,315750
20,3.0,62.0,7500,2.0,1.0,1.0,1.0,3.0,1.0,7,5,2005,1.0,453,0,2006,2.0,176000
20,6.0,70.0,13300,2.0,1.0,1.0,1.0,3.0,1.0,5,7,1956,1.0,252,0,2007,2.0,132000
60,6.0,67.0,14948,2.0,2.0,1.0,1.0,3.0,1.0,9,5,2008,1.0,858,0,2008,3.0,446261
30,6.0,58.0,9098,2.0,2.0,1.0,1.0,3.0,1.0,4,7,1920,1.0,0,0,2007,2.0,86000
80,6.0,85.0,10200,2.0,1.0,1.0,1.0,3.0,1.0,6,5,1988,1.0,600,0,2008,2.0,175000
70,8.0,60.0,6155,2.0,2.0,1.0,1.0,4.0,1.0,6,8,1920,1.0,502,0,2008,2.0,128000
20,6.0,60.0,7200,2.0,1.0,1.0,1.0,3.0,1.0,5,7,1955,1.0,392,0,2010,2.0,107500
20,6.0,50.0,5000,2.0,1.0,4.0,2.0,3.0,1.0,1,3,1946,0.0,0,0,2007,2.0,39300
60,6.0,74.0,9056,2.0,2.0,1.0,1.0,3.0,1.0,8,5,2004,1.0,403,0,2006,2.0,178000
190,6.0,70.0,7000,2.0,1.0,1.0,1.0,3.0,2.0,5,7,1910,1.0,0,0,2008,2.0,107500
60,6.0,57.0,8924,2.0,2.0,1.0,1.0,3.0,1.0,7,5,1998,1.0,527,0,2008,2.0,188000
20,6.0,85.0,14601,2.0,1.0,1.0,1.0,3.0,1.0,9,5,2006,1.0,765,0,2009,2.0,315000
20,6.0,78.0,10140,2.0,1.0,1.0,1.0,5.0,1.0,7,5,1998,1.0,583,0,2009,2.0,213250
120,5.0,34.0,4058,2.0,1.0,1.0,1.0,3.0,4.0,7,5,1998,1.0,367,0,2007,2.0,133000
60,6.0,58.0,17104,2.0,2.0,1.0,1.0,3.0,1.0,7,5,2006,1.0,426,0,2006,3.0,179665
50,6.0,70.0,8737,2.0,2.0,2.0,1.0,3.0,1.0,6,7,1923,1.0,440,0,2007,2.0,210000
85,6.0,54.0,7244,2.0,1.0,1.0,1.0,3.0,1.0,5,7,1970,1.0,624,0,2007,2.0,129500
20,8.0,49.0,8235,2.0,2.0,3.0,1.0,2.0,1.0,5,7,1955,1.0,720,0,2008,2.0,125000
60,3.0,75.0,9375,2.0,1.0,1.0,1.0,3.0,1.0,7,5,2003,1.0,615,0,2009,2.0,263000
120,6.0,53.0,4043,2.0,1.0,1.0,1.0,3.0,4.0,6,6,1977,1.0,440,0,2008,4.0,140000
20,8.0,50.0,6000,2.0,1.0,1.0,1.0,3.0,1.0,5,6,1957,1.0,288,0,2008,2.0,112500
20,6.0,87.0,11146,2.0,2.0,1.0,1.0,3.0,1.0,8,5,2006,1.0,908,0,2009,2.0,255500
20,6.0,67.0,8777,2.0,1.0,1.0,1.0,2.0,1.0,4,5,1949,1.0,520,0,2009,2.0,108000
60,6.0,85.0,10625,2.0,1.0,1.0,1.0,3.0,1.0,7,5,2003,1.0,871,0,2008,2.0,284000
45,8.0,58.0,6380,2.0,1.0,1.0,1.0,3.0,1.0,5,6,1922,1.0,280,0,2006,2.0,113000
20,6.0,69.0,14850,2.0,2.0,1.0,1.0,3.0,1.0,5,5,1957,1.0,299,0,2006,2.0,141000
60,6.0,57.0,21872,2.0,3.0,3.0,1.0,3.0,1.0,7,5,1996,1.0,406,0,2008,2.0,175000
20,6.0,77.0,10010,2.0,1.0,1.0,2.0,3.0,1.0,5,5,1974,1.0,418,0,2006,2.0,170000
30,6.0,63.0,13907,2.0,1.0,1.0,1.0,3.0,1.0,5,6,1940,1.0,0,0,2008,2.0,108000
50,6.0,66.0,21780,2.0,1.0,1.0,1.0,3.0,1.0,6,7,1918,1.0,396,0,2008,2.0,185000
70,6.0,66.0,6858,2.0,1.0,2.0,1.0,3.0,1.0,6,4,1915,0.0,216,0,2010,2.0,128000
60,6.0,77.0,11198,2.0,2.0,1.0,1.0,3.0,1.0,9,5,2005,1.0,656,0,2008,2.0,325000
20,6.0,70.0,10171,2.0,2.0,1.0,1.0,3.0,1.0,7,5,2004,1.0,532,0,2010,2.0,214000
50,6.0,79.0,12327,2.0,2.0,4.0,2.0,3.0,1.0,8,8,1983,1.0,612,0,2009,2.0,316600
90,6.0,74.0,13101,2.0,2.0,1.0,1.0,3.0,3.0,5,5,1965,1.0,576,0,2008,2.0,142600
20,6.0,60.0,7332,2.0,1.0,1.0,1.0,3.0,1.0,6,6,1959,1.0,288,0,2006,2.0,120000
60,6.0,83.0,13159,2.0,2.0,3.0,1.0,3.0,1.0,7,5,2009,1.0,650,0,2009,3.0,224500
80,6.0,76.0,9967,2.0,2.0,1.0,1.0,3.0,1.0,7,5,2000,1.0,400,0,2007,2.0,170000
80,6.0,70.0,10500,2.0,1.0,1.0,1.0,3.0,1.0,5,7,1971,1.0,288,0,2007,2.0,139000
50,6.0,80.0,8480,2.0,1.0,1.0,1.0,3.0,1.0,5,5,1947,1.0,336,0,2008,4.0,118500
50,6.0,52.0,6292,2.0,1.0,1.0,1.0,3.0,1.0,7,7,1928,1.0,216,0,2009,2.0,145000
80,6.0,96.0,11777,2.0,2.0,1.0,1.0,3.0,1.0,5,6,1966,1.0,564,0,2006,2.0,164500
160,3.0,34.0,3604,2.0,1.0,1.0,1.0,3.0,4.0,7,5,2007,1.0,540,0,2008,2.0,146000
50,8.0,81.0,12150,2.0,1.0,1.0,1.0,3.0,1.0,5,5,1954,0.0,352,0,2008,2.0,131500
20,6.0,98.0,12704,2.0,1.0,1.0,1.0,3.0,1.0,8,5,2008,1.0,1390,0,2009,3.0,253293
90,6.0,81.0,11841,1.0,1.0,1.0,1.0,3.0,3.0,6,5,1990,1.0,0,0,2007,2.0,118500
75,8.0,75.0,13500,2.0,1.0,1.0,1.0,1.0,1.0,10,9,1893,1.0,880,0,2008,2.0,325000
50,8.0,51.0,6120,2.0,1.0,1.0,1.0,3.0,1.0,4,7,1935,1.0,240,0,2009,2.0,133000
20,6.0,88.0,11443,2.0,1.0,1.0,1.0,3.0,1.0,8,5,2005,1.0,880,0,2006,3.0,369900
30,6.0,55.0,10267,2.0,1.0,1.0,1.0,5.0,1.0,6,7,1918,1.0,275,0,2008,2.0,130000
85,6.0,74.0,8740,2.0,2.0,1.0,1.0,3.0,1.0,5,6,1982,1.0,528,0,2009,2.0,137000
20,6.0,65.0,25095,2.0,2.0,4.0,3.0,3.0,1.0,5,8,1968,1.0,452,0,2009,2.0,143000
40,8.0,50.0,9100,2.0,1.0,1.0,1.0,5.0,1.0,5,6,1930,1.0,308,0,2008,2.0,79500
60,6.0,64.0,8320,2.0,1.0,1.0,1.0,3.0,1.0,7,5,2004,1.0,520,0,2008,2.0,185900
60,6.0,97.0,13478,2.0,2.0,1.0,1.0,3.0,1.0,10,5,2008,1.0,842,0,2009,6.0,451950
20,6.0,60.0,6600,2.0,1.0,1.0,1.0,3.0,1.0,5,8,1982,1.0,816,0,2008,2.0,138000
20,6.0,88.0,7990,2.0,2.0,1.0,1.0,3.0,1.0,5,6,1975,1.0,280,0,2008,2.0,110000
20,6.0,69.0,11302,2.0,2.0,1.0,1.0,3.0,1.0,8,5,2005,1.0,758,0,2006,3.0,319000
70,8.0,60.0,3600,2.0,1.0,1.0,1.0,3.0,1.0,6,7,1910,0.0,216,0,2006,2.0,114504
120,6.0,53.0,3922,2.0,1.0,1.0,1.0,3.0,4.0,7,5,2006,1.0,648,0,2007,3.0,194201
20,6.0,80.0,12984,2.0,1.0,2.0,1.0,3.0,1.0,5,6,1977,1.0,621,0,2006,2.0,217500
60,6.0,74.0,10927,2.0,1.0,1.0,1.0,3.0,1.0,8,5,2005,1.0,736,0,2006,2.0,275000
50,8.0,50.0,9000,2.0,1.0,2.0,1.0,3.0,1.0,6,6,1937,1.0,544,0,2007,2.0,141000
60,6.0,80.0,10041,2.0,2.0,1.0,1.0,3.0,1.0,8,5,1992,1.0,506,0,2006,2.0,220000
160,3.0,30.0,3182,2.0,1.0,1.0,1.0,3.0,4.0,7,5,2004,1.0,480,0,2010,2.0,151000
20,6.0,88.0,12803,2.0,2.0,1.0,1.0,3.0,1.0,7,5,2002,1.0,530,0,2008,2.0,221000
60,6.0,85.0,13600,2.0,1.0,1.0,1.0,3.0,1.0,7,6,1965,1.0,486,0,2009,2.0,205000
20,6.0,82.0,12464,2.0,3.0,4.0,2.0,3.0,1.0,5,5,1996,1.0,576,0,2009,2.0,152000
20,6.0,78.0,7800,2.0,1.0,2.0,2.0,3.0,1.0,5,8,1948,1.0,230,0,2006,2.0,225000
70,6.0,78.0,12168,2.0,1.0,3.0,2.0,3.0,1.0,8,6,1934,1.0,380,0,2007,2.0,359100
20,6.0,61.0,7943,2.0,1.0,1.0,1.0,2.0,1.0,4,5,1961,1.0,261,0,2007,2.0,118500
20,6.0,70.0,8402,2.0,1.0,1.0,1.0,2.0,1.0,5,5,2007,1.0,0,0,2007,3.0,147000
180,8.0,21.0,1491,2.0,1.0,1.0,1.0,3.0,4.0,4,6,1972,1.0,0,0,2010,2.0,75500
85,6.0,80.0,8800,2.0,1.0,1.0,1.0,2.0,1.0,6,7,1963,1.0,480,0,2010,2.0,137500
45,6.0,59.0,7227,2.0,1.0,3.0,2.0,1.0,1.0,6,6,1954,1.0,528,0,2008,2.0,105500
20,6.0,90.0,11694,2.0,1.0,1.0,1.0,3.0,1.0,9,5,2007,1.0,774,0,2007,3.0,314813
60,6.0,85.0,12244,2.0,1.0,1.0,1.0,3.0,1.0,8,5,2003,1.0,749,0,2008,2.0,305000
30,6.0,45.0,8248,2.0,1.0,1.0,1.0,3.0,1.0,3,3,1914,0.0,0,0,2008,2.0,67000
60,6.0,90.0,10800,2.0,1.0,1.0,1.0,3.0,1.0,6,7,1974,1.0,624,0,2008,2.0,240000
20,6.0,71.0,7064,2.0,1.0,1.0,1.0,3.0,1.0,5,6,1977,1.0,484,0,2009,2.0,135000
60,6.0,80.0,10400,2.0,1.0,1.0,1.0,3.0,1.0,6,5,1972,1.0,484,0,2006,2.0,165150
20,6.0,87.0,10000,2.0,2.0,1.0,1.0,3.0,1.0,6,6,1962,1.0,440,0,2010,2.0,160000
80,6.0,80.0,9600,2.0,1.0,1.0,1.0,3.0,1.0,6,6,1955,1.0,364,0,2010,2.0,153000
60,6.0,70.0,11606,2.0,2.0,3.0,3.0,3.0,1.0,5,5,1969,1.0,504,0,2007,2.0,135000
80,6.0,82.0,9020,2.0,1.0,1.0,1.0,2.0,1.0,6,5,1964,1.0,520,0,2008,2.0,168500
70,8.0,50.0,9000,2.0,1.0,1.0,1.0,1.0,1.0,5,6,1880,1.0,240,0,2006,2.0,124000
20,6.0,85.0,11900,2.0,1.0,1.0,1.0,3.0,1.0,7,5,1977,1.0,544,0,2009,2.0,82500
20,6.0,80.0,9250,2.0,1.0,1.0,1.0,3.0,1.0,5,7,1954,1.0,260,0,2007,2.0,139400
90,6.0,64.0,6979,2.0,1.0,1.0,1.0,3.0,3.0,6,5,1980,1.0,576,0,2010,2.0,144000
190,5.0,60.0,10896,2.0,1.0,2.0,1.0,2.0,2.0,6,7,1914,1.0,0,0,2007,2.0,200000
30,8.0,51.0,6120,2.0,1.0,1.0,1.0,3.0,1.0,2,3,1936,0.0,0,0,2009,5.0,60000
190,8.0,50.0,6000,2.0,1.0,1.0,1.0,3.0,2.0,5,4,1954,1.0,256,0,2009,2.0,93000
30,6.0,67.0,8777,2.0,1.0,1.0,1.0,2.0,1.0,5,7,1910,1.0,0,0,2008,2.0,85000
120,6.0,53.0,3982,2.0,1.0,1.0,1.0,3.0,4.0,8,5,2006,1.0,648,0,2006,3.0,264561
120,6.0,62.0,12677,2.0,2.0,1.0,1.0,3.0,4.0,8,5,2003,1.0,588,0,2008,2.0,274000
80,6.0,75.0,13860,2.0,1.0,1.0,1.0,3.0,1.0,8,7,1972,1.0,538,0,2009,2.0,345000
60,6.0,80.0,10793,2.0,1.0,1.0,1.0,5.0,1.0,5,5,1969,1.0,462,0,2007,2.0,152000
20,3.0,85.0,9187,2.0,1.0,1.0,1.0,3.0,1.0,9,5,2009,1.0,478,0,2009,3.0,370878
20,6.0,60.0,7200,2.0,1.0,1.0,1.0,3.0,1.0,5,5,1950,1.0,420,0,2008,2.0,98300
20,6.0,85.0,10452,2.0,2.0,1.0,1.0,3.0,1.0,6,5,1953,1.0,495,0,2008,2.0,155000
60,6.0,70.0,7700,2.0,1.0,1.0,1.0,6.0,1.0,6,5,1966,1.0,442,0,2010,2.0,155000
60,3.0,65.0,8125,2.0,1.0,1.0,1.0,3.0,1.0,7,6,2007,1.0,562,0,2008,2.0,205950
70,6.0,60.0,9084,2.0,1.0,1.0,1.0,1.0,1.0,4,5,1940,1.0,296,0,2009,2.0,108000
60,6.0,70.0,8750,2.0,1.0,1.0,1.0,3.0,1.0,7,5,1996,1.0,512,0,2009,2.0,191000
50,8.0,60.0,10320,2.0,1.0,1.0,1.0,3.0,1.0,6,7,1906,1.0,216,0,2008,2.0,135000
20,6.0,91.0,10437,2.0,2.0,1.0,1.0,3.0,1.0,8,6,1995,1.0,839,0,2008,2.0,350000
20,6.0,72.0,10007,2.0,2.0,1.0,1.0,3.0,1.0,5,7,1959,1.0,312,0,2008,2.0,145500
70,6.0,60.0,7200,2.0,1.0,3.0,2.0,3.0,1.0,7,6,1931,1.0,270,0,2008,2.0,149000
50,6.0,78.0,17503,2.0,1.0,1.0,1.0,1.0,1.0,6,5,1948,1.0,330,0,2010,2.0,97500
20,6.0,75.0,9937,2.0,1.0,1.0,1.0,3.0,1.0,5,7,1964,1.0,480,0,2009,2.0,167000
60,6.0,52.0,46589,2.0,3.0,1.0,1.0,3.0,1.0,8,7,1994,1.0,711,0,2009,2.0,402000
20,6.0,120.0,13560,2.0,1.0,1.0,1.0,3.0,1.0,6,3,1968,1.0,576,0,2009,2.0,110000
85,6.0,90.0,10012,2.0,1.0,1.0,1.0,3.0,1.0,4,5,1972,1.0,588,0,2008,2.0,137500
20,6.0,49.0,20896,2.0,3.0,1.0,1.0,5.0,1.0,8,5,2005,1.0,1134,0,2006,3.0,423000
60,6.0,106.0,11194,2.0,2.0,1.0,1.0,3.0,1.0,8,5,2000,1.0,504,0,2006,2.0,230500
20,6.0,65.0,8125,2.0,1.0,1.0,1.0,3.0,1.0,6,5,1994,1.0,575,0,2008,2.0,193500
30,6.0,80.0,11600,2.0,1.0,1.0,1.0,3.0,1.0,4,5,1922,1.0,252,0,2006,2.0,137500
60,6.0,64.0,8633,2.0,1.0,1.0,1.0,3.0,1.0,6,5,2005,1.0,540,0,2009,2.0,173500
70,5.0,54.0,6629,2.0,1.0,1.0,1.0,1.0,1.0,6,6,1925,0.0,300,0,2009,2.0,103600
20,6.0,110.0,14442,2.0,1.0,1.0,1.0,3.0,1.0,6,7,1957,1.0,416,0,2007,2.0,257500
20,6.0,80.0,9200,2.0,1.0,1.0,1.0,3.0,1.0,6,6,1965,1.0,384,0,2008,2.0,140000
70,8.0,60.0,9600,2.0,1.0,1.0,1.0,3.0,1.0,4,2,1900,0.0,779,0,2006,2.0,87000
30,6.0,52.0,9022,2.0,1.0,1.0,1.0,3.0,1.0,5,8,1924,1.0,240,0,2009,2.0,109500
20,6.0,80.0,11844,2.0,2.0,1.0,1.0,3.0,1.0,8,5,2008,1.0,834,0,2009,3.0,372500
120,6.0,50.0,8012,2.0,1.0,1.0,1.0,3.0,4.0,6,5,1980,1.0,264,0,2010,2.0,143000
50,5.0,55.0,4500,2.0,3.0,2.0,1.0,3.0,1.0,5,5,1932,1.0,281,0,2009,2.0,159434
20,6.0,90.0,11248,2.0,2.0,1.0,1.0,3.0,1.0,9,5,2002,1.0,702,0,2007,2.0,285000
60,6.0,58.0,16770,2.0,3.0,1.0,1.0,3.0,1.0,7,5,1998,1.0,486,0,2010,2.0,221000
60,3.0,84.0,10207,2.0,1.0,1.0,1.0,3.0,1.0,7,6,2007,1.0,578,0,2007,3.0,227875
20,6.0,60.0,8089,2.0,1.0,3.0,1.0,3.0,1.0,8,6,2007,1.0,567,0,2007,3.0,392000
120,6.0,61.0,7577,2.0,2.0,1.0,1.0,3.0,4.0,6,5,2005,1.0,460,0,2007,2.0,194700
60,6.0,104.0,21535,2.0,2.0,1.0,1.0,3.0,1.0,10,6,1994,1.0,832,0,2007,2.0,755000
60,6.0,42.0,26178,2.0,2.0,1.0,2.0,3.0,1.0,7,5,1989,1.0,628,0,2006,2.0,335000
30,6.0,60.0,5400,2.0,1.0,1.0,3.0,3.0,1.0,5,6,1921,1.0,326,0,2006,2.0,108480
50,8.0,51.0,6120,2.0,1.0,1.0,1.0,3.0,1.0,5,6,1936,1.0,576,0,2009,2.0,141500
20,6.0,54.0,13811,2.0,2.0,1.0,1.0,3.0,1.0,6,6,1987,1.0,551,0,2006,2.0,176000
30,8.0,50.0,6000,2.0,1.0,1.0,1.0,3.0,1.0,5,7,1921,1.0,205,0,2006,2.0,89000
20,6.0,57.0,6420,2.0,2.0,1.0,1.0,3.0,1.0,5,7,1952,1.0,308,0,2006,2.0,123500
20,6.0,65.0,8450,2.0,1.0,1.0,1.0,9.0,1.0,5,8,1965,1.0,336,0,2010,2.0,138500
120,3.0,59.0,4282,2.0,3.0,1.0,1.0,3.0,4.0,7,5,2004,1.0,530,0,2008,2.0,196000
20,6.0,85.0,14331,2.0,1.0,1.0,1.0,3.0,1.0,8,5,2002,1.0,765,0,2006,2.0,312500
20,6.0,80.0,9600,2.0,1.0,1.0,1.0,3.0,1.0,7,5,1969,1.0,528,0,2006,4.0,140000
60,6.0,82.0,12438,2.0,2.0,1.0,1.0,3.0,1.0,8,5,2006,1.0,666,0,2006,3.0,361919
190,8.0,76.0,7630,2.0,1.0,1.0,1.0,2.0,2.0,5,9,1900,1.0,672,0,2010,2.0,140000
20,6.0,70.0,8400,2.0,1.0,1.0,1.0,3.0,1.0,7,5,2004,1.0,606,0,2010,2.0,213000
190,8.0,70.0,5600,2.0,1.0,1.0,1.0,3.0,2.0,4,5,1930,0.0,0,0,2010,2.0,55000
120,6.0,48.0,6240,2.0,1.0,1.0,1.0,3.0,4.0,8,5,2006,1.0,550,0,2009,2.0,254000
60,6.0,65.0,9018,2.0,2.0,1.0,1.0,3.0,1.0,7,5,2007,1.0,400,0,2007,3.0,179540
30,6.0,56.0,4130,2.0,2.0,1.0,1.0,3.0,1.0,3,6,1935,1.0,0,0,2008,2.0,52000
120,6.0,40.0,4671,2.0,2.0,3.0,1.0,3.0,4.0,8,5,1988,1.0,472,0,2008,2.0,189000
190,6.0,60.0,9873,2.0,1.0,1.0,1.0,5.0,2.0,4,5,1970,0.0,576,0,2006,2.0,129000
20,6.0,78.0,10140,2.0,1.0,1.0,1.0,3.0,1.0,6,5,1974,1.0,478,0,2009,2.0,165000
70,8.0,60.0,10800,2.0,1.0,2.0,1.0,3.0,1.0,7,8,1890,1.0,704,0,2007,2.0,159500
20,6.0,80.0,10000,2.0,1.0,1.0,1.0,3.0,1.0,5,6,1973,1.0,439,0,2008,2.0,157000
60,6.0,96.0,10542,2.0,1.0,1.0,1.0,3.0,1.0,7,5,1993,1.0,983,0,2008,2.0,341000
20,6.0,69.0,9920,2.0,2.0,1.0,1.0,3.0,1.0,5,6,1969,1.0,300,0,2006,2.0,128500
20,6.0,70.0,8120,2.0,1.0,1.0,1.0,3.0,1.0,4,7,1970,1.0,463,0,2009,2.0,124500
50,6.0,60.0,8172,2.0,1.0,1.0,1.0,3.0,1.0,4,6,1954,1.0,548,0,2008,2.0,135000
20,6.0,86.0,13286,2.0,2.0,1.0,1.0,3.0,1.0,9,5,2007,1.0,768,0,2009,2.0,320000
20,6.0,60.0,6960,2.0,1.0,1.0,1.0,3.0,1.0,4,6,1970,1.0,660,0,2009,2.0,120500
20,6.0,64.0,7314,2.0,1.0,1.0,1.0,3.0,1.0,7,5,2007,1.0,632,0,2009,2.0,194500
90,6.0,85.0,11475,2.0,1.0,1.0,1.0,3.0,3.0,5,5,1958,1.0,888,0,2009,4.0,110000
30,8.0,52.0,6240,2.0,1.0,1.0,1.0,3.0,1.0,4,5,1925,1.0,539,0,2009,2.0,103000
120,6.0,39.0,5389,2.0,2.0,1.0,1.0,3.0,4.0,8,5,1995,1.0,608,0,2010,2.0,236500
80,6.0,73.0,9590,2.0,2.0,1.0,1.0,3.0,1.0,7,5,2003,1.0,438,0,2007,2.0,187500
60,6.0,75.0,11404,2.0,2.0,1.0,1.0,3.0,1.0,7,5,1998,1.0,541,0,2008,2.0,222500
20,6.0,80.0,10000,2.0,1.0,1.0,1.0,2.0,1.0,5,6,1961,1.0,264,0,2009,2.0,131400
75,8.0,60.0,10800,2.0,1.0,1.0,1.0,3.0,1.0,7,7,1914,0.0,320,0,2006,2.0,163000
90,6.0,60.0,8544,2.0,1.0,1.0,1.0,3.0,3.0,3,4,1950,0.0,400,0,2006,2.0,93500
60,6.0,72.0,10463,2.0,2.0,3.0,1.0,3.0,1.0,8,5,2005,1.0,800,0,2006,2.0,239900
90,6.0,60.0,10800,2.0,1.0,1.0,1.0,3.0,3.0,5,5,1987,1.0,0,0,2009,2.0,179000
60,6.0,65.0,9313,2.0,2.0,1.0,1.0,3.0,1.0,7,5,2004,1.0,572,0,2009,2.0,190000
70,8.0,60.0,9600,2.0,1.0,1.0,1.0,3.0,1.0,5,7,1910,1.0,360,0,2007,2.0,132000
20,6.0,65.0,6768,2.0,2.0,1.0,1.0,2.0,1.0,6,8,1961,1.0,288,0,2008,2.0,142000
20,6.0,65.0,8450,2.0,1.0,1.0,1.0,3.0,1.0,7,5,2000,1.0,539,0,2007,2.0,179000
80,6.0,70.0,12886,2.0,2.0,1.0,1.0,3.0,1.0,5,6,1963,1.0,480,0,2009,2.0,175000
120,6.0,41.0,5395,2.0,2.0,3.0,1.0,3.0,4.0,8,5,1993,1.0,462,0,2008,2.0,180000
70,8.0,65.0,11700,2.0,2.0,1.0,1.0,3.0,1.0,7,7,1880,0.0,864,0,2009,2.0,265979
20,6.0,59.0,10593,2.0,2.0,1.0,1.0,3.0,1.0,7,5,1996,1.0,527,0,2010,2.0,260400
50,6.0,50.0,8405,2.0,1.0,1.0,1.0,3.0,1.0,4,3,1945,0.0,240,0,2009,2.0,98000
50,8.0,55.0,8800,2.0,1.0,1.0,1.0,3.0,1.0,4,7,1910,1.0,0,0,2010,2.0,96500
20,6.0,79.0,9236,2.0,2.0,1.0,1.0,3.0,1.0,6,5,1997,1.0,576,0,2006,2.0,217000
60,6.0,80.0,10240,2.0,1.0,1.0,1.0,3.0,1.0,8,5,2005,1.0,878,0,2006,2.0,275500
20,6.0,61.0,7930,2.0,1.0,1.0,1.0,3.0,1.0,6,8,1969,1.0,440,0,2009,2.0,156000
160,3.0,34.0,3230,2.0,1.0,1.0,1.0,3.0,4.0,6,5,1999,1.0,440,0,2009,2.0,172500
60,6.0,68.0,10769,2.0,2.0,1.0,1.0,3.0,1.0,8,5,2007,1.0,578,0,2009,2.0,212000
60,6.0,65.0,12257,2.0,2.0,1.0,1.0,3.0,1.0,8,5,1995,1.0,752,0,2007,2.0,290000
20,6.0,70.0,9100,2.0,1.0,1.0,1.0,3.0,1.0,6,6,1959,1.0,300,0,2009,2.0,127500
30,8.0,60.0,6911,2.0,1.0,1.0,1.0,2.0,1.0,5,5,1924,1.0,440,0,2009,2.0,100000
60,3.0,72.0,8640,2.0,1.0,1.0,1.0,3.0,1.0,7,5,2009,1.0,614,0,2010,10.0,215200
60,6.0,82.0,9430,2.0,1.0,1.0,1.0,3.0,1.0,8,5,1999,1.0,856,0,2009,2.0,337000
120,6.0,30.0,9549,2.0,2.0,1.0,1.0,3.0,4.0,8,5,1995,1.0,481,0,2006,2.0,270000
20,6.0,75.0,14587,2.0,2.0,1.0,1.0,3.0,1.0,9,5,2008,1.0,592,0,2008,3.0,264132
60,6.0,80.0,10421,2.0,1.0,1.0,1.0,3.0,1.0,7,5,1988,1.0,496,0,2010,2.0,196500
50,6.0,75.0,12508,2.0,2.0,1.0,1.0,3.0,1.0,6,7,1940,1.0,423,0,2008,2.0,160000
20,6.0,70.0,9100,2.0,1.0,1.0,1.0,3.0,1.0,7,5,2004,1.0,484,0,2006,2.0,216837
60,6.0,47.0,53504,2.0,3.0,3.0,2.0,3.0,1.0,8,5,2003,1.0,841,0,2010,2.0,538000
20,6.0,67.0,8877,2.0,1.0,1.0,1.0,3.0,1.0,4,5,1951,1.0,396,0,2006,4.0,102000
80,6.0,94.0,7819,2.0,1.0,1.0,1.0,3.0,1.0,6,5,1976,1.0,672,0,2010,2.0,107000
20,6.0,70.0,10150,2.0,1.0,1.0,1.0,2.0,1.0,5,5,1958,1.0,275,0,2007,4.0,114500
20,6.0,110.0,14226,2.0,1.0,1.0,1.0,3.0,1.0,8,5,2006,1.0,895,0,2007,3.0,395000
120,8.0,32.0,4500,2.0,1.0,1.0,1.0,3.0,4.0,6,5,1998,1.0,412,0,2009,2.0,162000
20,6.0,86.0,11210,2.0,2.0,1.0,1.0,3.0,1.0,7,5,2005,1.0,865,0,2006,3.0,221500
20,6.0,100.0,13350,2.0,2.0,1.0,1.0,3.0,1.0,5,5,1974,1.0,440,0,2006,2.0,142500
90,5.0,60.0,8400,2.0,1.0,1.0,1.0,2.0,3.0,5,5,1977,1.0,630,0,2007,2.0,144000
90,6.0,78.0,10530,2.0,1.0,1.0,1.0,3.0,3.0,6,5,1977,1.0,504,0,2006,2.0,135000
20,6.0,63.0,7875,2.0,1.0,1.0,1.0,3.0,1.0,7,5,1995,1.0,402,0,2007,2.0,176000
60,6.0,65.0,7153,2.0,1.0,1.0,1.0,3.0,1.0,6,5,1992,1.0,484,0,2006,2.0,175900
20,6.0,67.0,16285,2.0,3.0,1.0,1.0,3.0,1.0,7,5,2001,1.0,605,0,2009,2.0,187100
75,8.0,35.0,6300,2.0,1.0,1.0,1.0,3.0,1.0,6,6,1914,1.0,0,0,2008,2.0,128000
50,8.0,60.0,10800,2.0,1.0,1.0,1.0,1.0,1.0,5,6,1915,1.0,416,0,2010,2.0,139000
60,6.0,76.0,10142,2.0,2.0,1.0,1.0,3.0,1.0,7,5,2004,1.0,618,0,2010,2.0,233000
20,8.0,50.0,6000,2.0,1.0,1.0,1.0,3.0,1.0,4,7,1954,1.0,281,0,2008,2.0,107900
120,6.0,43.0,3182,2.0,1.0,1.0,1.0,3.0,4.0,7,5,2005,1.0,397,0,2009,2.0,160200
60,6.0,92.0,9920,2.0,2.0,1.0,1.0,3.0,1.0,7,5,1996,1.0,455,0,2007,2.0,269790
20,6.0,76.0,9158,2.0,1.0,1.0,1.0,3.0,1.0,8,5,2007,1.0,474,0,2007,3.0,225000
60,6.0,70.0,8400,2.0,1.0,1.0,1.0,3.0,1.0,6,6,1980,1.0,476,0,2010,2.0,171000
20,6.0,71.0,8197,2.0,1.0,1.0,1.0,3.0,1.0,6,5,1977,1.0,528,0,2007,2.0,143500
20,6.0,57.0,7677,2.0,1.0,1.0,1.0,3.0,1.0,5,5,1953,1.0,240,0,2008,2.0,110000
60,6.0,104.0,13518,2.0,1.0,1.0,1.0,3.0,1.0,9,5,2008,1.0,820,0,2009,3.0,485000
50,6.0,60.0,7200,2.0,1.0,1.0,1.0,2.0,1.0,5,7,1937,1.0,240,0,2007,2.0,175000
60,6.0,79.0,12798,2.0,2.0,3.0,2.0,2.0,1.0,6,5,1997,1.0,603,0,2008,2.0,200000
30,8.0,40.0,4800,2.0,1.0,1.0,1.0,3.0,1.0,4,7,1916,1.0,440,0,2007,2.0,109900
60,6.0,63.0,8199,2.0,1.0,1.0,1.0,3.0,1.0,7,5,2005,1.0,410,0,2008,2.0,189000
60,6.0,107.0,13891,2.0,1.0,1.0,1.0,3.0,1.0,9,5,2008,1.0,1020,0,2009,3.0,582933
20,6.0,75.0,9000,2.0,1.0,1.0,1.0,3.0,1.0,5,5,1954,1.0,286,0,2006,2.0,118000
20,6.0,91.0,12274,2.0,2.0,1.0,1.0,3.0,1.0,7,5,2008,1.0,554,0,2008,3.0,227680
80,6.0,75.0,9750,2.0,1.0,1.0,1.0,3.0,1.0,5,5,1967,1.0,384,0,2006,2.0,135500
70,6.0,144.0,21384,2.0,1.0,1.0,1.0,3.0,1.0,5,6,1923,1.0,528,0,2009,2.0,223500
80,6.0,85.0,13400,2.0,1.0,1.0,1.0,3.0,1.0,5,5,1966,1.0,484,0,2006,2.0,159950
75,8.0,90.0,8100,2.0,1.0,1.0,1.0,3.0,1.0,5,5,1898,0.0,360,0,2009,2.0,106000
20,6.0,78.0,10140,2.0,1.0,1.0,1.0,3.0,1.0,6,6,1974,1.0,484,648,2006,2.0,181000
20,6.0,75.0,9750,2.0,1.0,1.0,1.0,3.0,1.0,6,6,1958,1.0,301,0,2007,4.0,157900
50,6.0,45.0,8248,2.0,1.0,1.0,1.0,3.0,1.0,5,7,1918,1.0,280,0,2006,2.0,116000
20,6.0,48.0,12137,2.0,3.0,1.0,1.0,3.0,1.0,7,5,1998,1.0,598,0,2010,2.0,224900
80,6.0,80.0,8816,2.0,1.0,1.0,1.0,3.0,1.0,6,7,1971,1.0,440,0,2010,2.0,155000
120,6.0,44.0,6371,2.0,2.0,1.0,1.0,3.0,4.0,7,5,2009,1.0,484,0,2010,3.0,224000
60,6.0,72.0,7226,2.0,2.0,1.0,1.0,3.0,1.0,7,5,2003,1.0,595,0,2008,2.0,183000
20,8.0,60.0,6000,2.0,1.0,2.0,2.0,3.0,2.0,4,4,1953,0.0,576,0,2009,2.0,93000
50,6.0,60.0,9900,2.0,1.0,1.0,1.0,3.0,1.0,6,7,1940,1.0,240,0,2009,2.0,139500
20,3.0,81.0,11216,2.0,1.0,1.0,1.0,3.0,1.0,8,5,2006,1.0,776,0,2006,3.0,232600
20,6.0,114.0,14803,2.0,1.0,1.0,1.0,6.0,1.0,10,5,2007,1.0,1220,0,2008,3.0,385000
45,8.0,50.0,6130,2.0,1.0,1.0,1.0,3.0,1.0,5,6,1924,1.0,0,0,2008,2.0,109500
20,6.0,65.0,8529,2.0,2.0,1.0,1.0,3.0,1.0,7,5,2001,1.0,527,0,2009,2.0,189000
20,6.0,80.0,11900,2.0,2.0,1.0,1.0,3.0,1.0,6,5,1957,1.0,458,0,2008,2.0,166000
160,3.0,30.0,3180,2.0,1.0,1.0,1.0,3.0,4.0,7,5,2005,1.0,480,0,2006,2.0,151000
60,6.0,44.0,9548,2.0,2.0,1.0,1.0,3.0,1.0,7,6,2003,1.0,613,0,2010,2.0,237000
20,6.0,100.0,10004,2.0,1.0,1.0,1.0,3.0,1.0,6,6,1964,1.0,472,0,2009,2.0,167000
20,6.0,75.0,7875,2.0,1.0,1.0,1.0,3.0,1.0,5,6,1961,1.0,456,0,2008,2.0,139950
20,6.0,60.0,9600,2.0,1.0,1.0,1.0,3.0,1.0,4,7,1950,1.0,436,0,2010,2.0,128000
30,8.0,90.0,8100,2.0,1.0,1.0,1.0,3.0,1.0,5,6,1948,1.0,812,0,2007,4.0,153500
20,6.0,75.0,9525,2.0,1.0,1.0,1.0,3.0,1.0,5,6,1995,1.0,352,0,2008,2.0,144000
50,6.0,70.0,11767,2.0,1.0,1.0,1.0,3.0,1.0,5,6,1946,1.0,240,0,2008,2.0,130500
70,8.0,60.0,10440,2.0,1.0,1.0,1.0,3.0,1.0,5,8,1904,1.0,686,0,2008,2.0,157500
80,6.0,82.0,9020,2.0,1.0,1.0,1.0,3.0,1.0,6,7,1966,1.0,490,0,2008,2.0,174900
90,6.0,80.0,8000,2.0,1.0,1.0,1.0,1.0,3.0,5,4,1961,0.0,0,0,2007,2.0,141000
50,8.0,100.0,12665,2.0,2.0,1.0,1.0,1.0,1.0,5,8,1915,1.0,720,0,2008,2.0,153900
60,6.0,75.0,9317,2.0,1.0,1.0,1.0,3.0,1.0,7,5,1993,1.0,425,0,2009,2.0,213000
20,6.0,36.0,15523,2.0,2.0,1.0,1.0,3.0,1.0,5,6,1972,1.0,338,0,2009,2.0,133500
50,6.0,75.0,45600,2.0,3.0,2.0,1.0,3.0,1.0,6,8,1908,1.0,360,0,2008,2.0,240000
80,6.0,80.0,9600,2.0,1.0,1.0,1.0,2.0,1.0,6,7,1976,1.0,512,0,2007,2.0,187000
120,8.0,36.0,4435,2.0,1.0,1.0,1.0,3.0,4.0,6,5,2003,1.0,420,0,2007,2.0,131500
75,6.0,53.0,7128,2.0,1.0,1.0,1.0,3.0,1.0,7,5,1941,1.0,240,0,2007,2.0,164000
20,6.0,102.0,17920,2.0,1.0,1.0,1.0,3.0,1.0,5,4,1955,1.0,454,0,2006,2.0,170000
60,6.0,65.0,8125,2.0,1.0,1.0,1.0,3.0,1.0,6,5,1994,1.0,343,0,2009,2.0,174000
20,6.0,80.0,10400,2.0,1.0,1.0,1.0,3.0,1.0,7,5,1976,1.0,479,0,2009,2.0,152000
50,6.0,55.0,7642,2.0,1.0,1.0,1.0,3.0,1.0,7,8,1918,1.0,216,0,2007,2.0,189950
190,6.0,75.0,11625,2.0,1.0,1.0,1.0,3.0,2.0,5,4,1965,1.0,504,0,2010,2.0,131500
20,6.0,81.0,9672,2.0,1.0,1.0,1.0,3.0,1.0,6,5,1984,1.0,480,0,2010,2.0,152000
20,6.0,70.0,7931,2.0,1.0,1.0,1.0,3.0,1.0,5,5,1959,1.0,672,0,2009,2.0,132500
20,3.0,72.0,8640,2.0,1.0,1.0,1.0,3.0,1.0,7,5,2007,1.0,529,0,2008,3.0,250580
20,6.0,67.0,10656,2.0,2.0,3.0,1.0,3.0,1.0,8,5,2006,1.0,870,0,2007,3.0,248900
20,6.0,85.0,6970,2.0,1.0,1.0,1.0,2.0,1.0,4,5,1961,1.0,544,0,2007,2.0,129000
60,6.0,80.0,9938,2.0,1.0,1.0,1.0,3.0,1.0,7,5,1993,1.0,574,0,2010,2.0,236000
20,6.0,60.0,6600,2.0,1.0,1.0,1.0,6.0,1.0,5,5,1962,0.0,308,0,2009,2.0,109500
60,6.0,70.0,8750,2.0,1.0,1.0,1.0,3.0,1.0,6,5,1998,1.0,523,0,2010,2.0,200500
20,6.0,74.0,8892,2.0,1.0,1.0,1.0,3.0,1.0,5,7,1953,1.0,414,0,2008,2.0,116000
40,6.0,60.0,12144,2.0,1.0,1.0,1.0,3.0,1.0,5,7,1949,1.0,288,0,2009,2.0,133000
50,8.0,52.0,5720,2.0,1.0,1.0,1.0,1.0,1.0,5,6,1941,1.0,200,0,2009,2.0,66500
60,3.0,75.0,9000,2.0,1.0,1.0,1.0,3.0,1.0,8,5,2007,1.0,550,0,2007,3.0,303477
20,6.0,94.0,25286,2.0,1.0,3.0,2.0,3.0,1.0,4,5,1963,1.0,648,0,2007,2.0,132250
60,6.0,74.0,8834,2.0,1.0,1.0,1.0,3.0,1.0,9,5,2004,1.0,738,0,2009,2.0,350000
85,6.0,88.0,11782,2.0,2.0,1.0,1.0,3.0,1.0,5,7,1961,1.0,576,0,2010,2.0,148000
20,6.0,60.0,7024,2.0,1.0,1.0,1.0,3.0,1.0,5,5,2005,1.0,450,0,2007,2.0,157000
50,6.0,44.0,13758,2.0,2.0,1.0,1.0,3.0,1.0,7,5,1990,1.0,400,0,2007,2.0,187500
75,6.0,60.0,6204,2.0,1.0,2.0,1.0,3.0,1.0,4,5,1912,0.0,440,0,2006,2.0,118500
20,6.0,65.0,7150,2.0,1.0,1.0,1.0,3.0,1.0,5,5,1967,1.0,288,0,2009,2.0,100000
120,3.0,50.0,5119,2.0,2.0,1.0,1.0,3.0,4.0,9,5,1999,1.0,506,0,2008,1.0,328900
90,6.0,70.0,8393,2.0,1.0,1.0,1.0,3.0,3.0,5,5,1959,1.0,588,0,2006,2.0,145000
50,6.0,59.0,16466,2.0,2.0,1.0,1.0,3.0,1.0,5,7,1955,1.0,300,0,2008,2.0,135500
20,6.0,95.0,15865,2.0,2.0,1.0,2.0,3.0,1.0,8,6,1970,1.0,621,0,2007,2.0,268000
20,6.0,128.0,12160,2.0,1.0,1.0,1.0,2.0,1.0,6,4,1953,1.0,505,0,2009,2.0,149500
50,6.0,60.0,8064,2.0,1.0,1.0,1.0,1.0,1.0,5,7,1949,1.0,576,0,2007,2.0,122900
60,6.0,70.0,11184,2.0,1.0,1.0,1.0,3.0,1.0,6,5,1978,1.0,440,0,2009,2.0,172500
20,6.0,70.0,8414,2.0,1.0,1.0,1.0,3.0,1.0,6,8,1963,1.0,264,0,2006,2.0,154500
90,6.0,64.0,7018,2.0,1.0,2.0,1.0,3.0,3.0,5,5,1979,1.0,400,0,2009,2.0,118858
60,6.0,71.0,7056,2.0,1.0,1.0,1.0,3.0,1.0,6,5,1963,1.0,483,0,2008,2.0,140000
30,8.0,50.0,8765,2.0,1.0,1.0,1.0,3.0,1.0,4,6,1936,0.0,327,0,2006,2.0,106500
90,6.0,64.0,7018,2.0,1.0,1.0,1.0,2.0,3.0,5,5,1979,1.0,528,0,2009,2.0,142953
20,6.0,100.0,12919,2.0,2.0,1.0,1.0,3.0,1.0,9,5,2009,1.0,820,0,2010,3.0,611657
20,6.0,65.0,6993,2.0,1.0,1.0,1.0,2.0,1.0,5,7,1961,1.0,288,0,2006,2.0,135000
20,6.0,64.0,8712,2.0,2.0,1.0,1.0,3.0,1.0,5,7,1957,1.0,756,0,2009,2.0,153000
60,6.0,63.0,7875,2.0,1.0,1.0,1.0,3.0,1.0,7,5,2003,1.0,393,0,2006,2.0,180000
20,6.0,50.0,14859,2.0,2.0,3.0,1.0,3.0,1.0,7,5,2006,1.0,690,0,2006,3.0,240000
20,6.0,80.0,9920,2.0,1.0,1.0,1.0,3.0,1.0,5,5,1954,1.0,280,0,2010,2.0,128000
20,6.0,116.0,13501,2.0,2.0,1.0,1.0,3.0,1.0,8,5,2006,1.0,865,0,2007,2.0,255000
50,6.0,86.0,11500,2.0,2.0,1.0,1.0,3.0,1.0,7,7,1936,1.0,180,0,2006,2.0,250000
60,6.0,149.0,12589,2.0,3.0,1.0,1.0,3.0,1.0,6,5,2005,1.0,390,0,2009,2.0,174000
90,6.0,80.0,11600,2.0,1.0,1.0,1.0,2.0,3.0,5,5,1960,1.0,480,0,2010,2.0,154300
30,8.0,51.0,6120,2.0,1.0,1.0,1.0,3.0,1.0,5,7,1925,0.0,450,0,2006,2.0,88000
90,5.0,82.0,6270,2.0,1.0,3.0,1.0,3.0,3.0,5,6,1949,0.0,871,0,2007,2.0,145000
160,3.0,30.0,3000,2.0,1.0,1.0,1.0,3.0,4.0,6,5,2009,1.0,528,0,2009,3.0,173733
60,6.0,103.0,13125,2.0,2.0,1.0,1.0,3.0,1.0,7,5,1991,1.0,833,0,2007,2.0,238000
20,6.0,87.0,11029,2.0,2.0,1.0,1.0,3.0,1.0,6,8,1958,1.0,601,0,2008,2.0,176500
60,6.0,70.0,8462,2.0,2.0,1.0,1.0,3.0,1.0,6,5,1994,1.0,471,0,2007,2.0,201000
90,6.0,67.0,8777,2.0,1.0,1.0,1.0,2.0,3.0,5,7,1900,1.0,0,0,2008,2.0,145900
20,6.0,65.0,10237,2.0,1.0,1.0,1.0,5.0,1.0,6,5,2005,1.0,397,0,2006,3.0,169990
120,6.0,50.0,8012,2.0,1.0,1.0,1.0,3.0,4.0,6,5,1993,1.0,533,0,2008,2.0,193000
20,6.0,79.0,10240,2.0,1.0,1.0,1.0,3.0,1.0,6,6,1980,1.0,612,0,2006,2.0,207500
60,6.0,93.0,11999,2.0,1.0,1.0,1.0,3.0,1.0,8,5,2003,1.0,656,0,2007,2.0,285000
20,6.0,73.0,8925,2.0,2.0,3.0,1.0,3.0,1.0,8,5,2007,1.0,610,0,2009,2.0,201000
20,6.0,70.0,9100,2.0,1.0,1.0,1.0,3.0,1.0,5,6,1965,1.0,429,0,2009,2.0,117500
20,6.0,84.0,11670,2.0,2.0,1.0,1.0,4.0,1.0,9,5,2006,1.0,788,0,2007,2.0,320000
20,6.0,63.0,8487,2.0,1.0,1.0,1.0,3.0,1.0,7,5,2004,1.0,570,0,2009,2.0,190000
20,6.0,313.0,27650,2.0,3.0,3.0,2.0,7.0,1.0,7,7,1960,1.0,505,0,2008,2.0,242000
30,6.0,52.0,5825,2.0,2.0,1.0,1.0,3.0,1.0,4,5,1926,1.0,528,0,2006,2.0,79900
20,6.0,67.0,10083,2.0,1.0,1.0,1.0,3.0,1.0,7,5,2003,1.0,555,0,2009,2.0,184900
60,6.0,75.0,9675,2.0,1.0,1.0,1.0,3.0,1.0,7,5,2005,1.0,689,0,2009,2.0,253000
60,6.0,73.0,8760,2.0,1.0,1.0,1.0,3.0,1.0,7,5,2006,1.0,868,0,2006,3.0,239799
90,6.0,55.0,12640,2.0,2.0,1.0,1.0,3.0,3.0,6,5,1976,1.0,574,0,2006,2.0,150900
90,6.0,42.0,7711,2.0,2.0,1.0,1.0,3.0,3.0,4,3,1977,1.0,0,0,2007,8.0,150000
90,6.0,100.0,25000,2.0,1.0,4.0,1.0,3.0,3.0,5,4,1967,1.0,576,0,2007,2.0,143000
50,8.0,98.0,8820,2.0,1.0,1.0,1.0,3.0,1.0,5,6,1890,1.0,456,0,2009,2.0,124900
80,6.0,70.0,8163,2.0,1.0,1.0,1.0,3.0,1.0,5,6,1959,1.0,796,0,2006,2.0,143000
20,6.0,85.0,14536,2.0,1.0,1.0,1.0,3.0,1.0,8,5,2002,1.0,808,0,2007,2.0,270000
60,6.0,65.0,14006,2.0,2.0,1.0,1.0,3.0,1.0,7,5,2002,1.0,474,0,2006,2.0,192500
20,6.0,78.0,9360,2.0,1.0,1.0,1.0,3.0,1.0,6,7,1972,1.0,676,0,2010,2.0,197500
20,6.0,60.0,7200,2.0,1.0,1.0,1.0,3.0,1.0,5,8,1950,1.0,720,0,2007,2.0,129000
20,5.0,60.0,7800,2.0,1.0,1.0,1.0,3.0,1.0,5,5,1965,1.0,300,0,2006,2.0,119900
85,6.0,60.0,7200,2.0,1.0,1.0,1.0,3.0,1.0,5,8,1972,1.0,396,0,2009,2.0,133900
90,6.0,35.0,9400,2.0,2.0,1.0,1.0,3.0,3.0,6,5,1975,1.0,0,0,2006,2.0,127500
90,5.0,82.0,7136,2.0,2.0,3.0,1.0,3.0,3.0,6,6,1946,0.0,492,0,2007,2.0,145000
160,8.0,24.0,1300,2.0,1.0,1.0,1.0,3.0,4.0,6,6,1980,1.0,462,0,2009,2.0,124000
20,6.0,70.0,7420,2.0,1.0,1.0,1.0,3.0,1.0,5,5,1962,1.0,576,0,2007,2.0,132000
20,6.0,65.0,8450,2.0,1.0,1.0,1.0,3.0,1.0,7,5,2003,1.0,531,0,2007,2.0,185000
20,6.0,50.0,7207,2.0,2.0,1.0,1.0,3.0,1.0,5,7,1958,1.0,0,0,2010,2.0,116500
160,6.0,24.0,2308,2.0,1.0,1.0,1.0,3.0,4.0,6,6,1976,1.0,440,0,2007,2.0,155000
20,6.0,122.0,11923,2.0,2.0,1.0,1.0,3.0,1.0,9,5,2007,1.0,702,0,2009,2.0,239000
60,6.0,80.0,11316,2.0,1.0,1.0,1.0,3.0,1.0,7,5,2002,1.0,510,0,2010,2.0,214900
60,6.0,65.0,10237,2.0,1.0,1.0,1.0,5.0,1.0,6,5,2005,1.0,393,0,2007,3.0,178900
50,6.0,130.0,9600,2.0,2.0,3.0,1.0,3.0,1.0,5,7,1940,1.0,256,0,2009,2.0,160000
50,8.0,50.0,5925,2.0,1.0,1.0,1.0,3.0,1.0,3,6,1910,0.0,0,0,2009,2.0,37900
190,6.0,75.0,10382,2.0,1.0,1.0,1.0,3.0,2.0,6,5,1958,1.0,264,0,2006,7.0,140000
50,6.0,60.0,10800,2.0,1.0,1.0,1.0,3.0,1.0,4,4,1949,0.0,0,0,2006,2.0,135000
120,6.0,55.0,7892,2.0,1.0,1.0,1.0,3.0,4.0,6,5,1979,1.0,264,0,2010,2.0,99500
20,3.0,95.0,11639,2.0,1.0,1.0,1.0,3.0,1.0,7,5,2007,1.0,480,0,2008,3.0,182000
70,6.0,60.0,11414,2.0,2.0,1.0,1.0,5.0,1.0,7,8,1910,0.0,532,0,2009,2.0,167500
30,6.0,51.0,5900,2.0,2.0,2.0,1.0,3.0,1.0,4,7,1923,1.0,0,0,2006,2.0,85500
120,3.0,35.0,4274,2.0,2.0,1.0,1.0,3.0,4.0,7,5,2006,1.0,569,0,2007,3.0,199900
20,6.0,68.0,9450,2.0,1.0,2.0,2.0,3.0,1.0,4,5,1954,1.0,400,0,2007,2.0,110000
20,6.0,80.0,8816,2.0,1.0,1.0,1.0,2.0,1.0,5,6,1963,1.0,480,0,2009,2.0,139000
60,6.0,98.0,12203,2.0,2.0,1.0,1.0,3.0,1.0,8,5,1998,1.0,676,0,2009,2.0,336000
20,6.0,43.0,3182,2.0,1.0,1.0,1.0,3.0,1.0,7,5,2007,1.0,388,0,2008,2.0,159895
90,6.0,75.0,10125,2.0,1.0,1.0,1.0,3.0,3.0,5,5,1977,1.0,539,0,2009,4.0,126000
190,6.0,68.0,10880,2.0,1.0,1.0,1.0,3.0,2.0,5,5,1950,0.0,240,0,2008,7.0,125000
50,8.0,59.0,5310,2.0,1.0,1.0,1.0,2.0,1.0,6,8,1910,1.0,255,0,2006,2.0,117000
20,6.0,83.0,10159,2.0,2.0,1.0,1.0,3.0,1.0,9,5,2009,1.0,606,0,2010,3.0,395192
60,3.0,65.0,8125,2.0,1.0,1.0,1.0,3.0,1.0,7,5,2006,1.0,614,0,2006,3.0,197000
60,6.0,82.0,9452,2.0,1.0,1.0,1.0,3.0,1.0,8,5,1997,1.0,870,0,2006,2.0,348000
70,8.0,121.0,17671,2.0,1.0,1.0,1.0,1.0,1.0,8,9,1882,1.0,424,0,2009,2.0,168000
60,6.0,80.0,9760,2.0,1.0,1.0,2.0,3.0,1.0,6,8,1964,1.0,440,0,2007,2.0,187000
60,6.0,68.0,8846,2.0,1.0,1.0,1.0,3.0,1.0,6,5,2005,1.0,564,0,2006,3.0,173900
20,6.0,96.0,12456,2.0,1.0,1.0,1.0,3.0,1.0,10,5,2006,1.0,786,0,2009,2.0,337500
50,6.0,51.0,4712,2.0,2.0,1.0,2.0,2.0,1.0,4,7,1946,1.0,305,0,2006,2.0,121600
30,8.0,60.0,9786,2.0,1.0,1.0,1.0,3.0,1.0,3,4,1922,0.0,210,0,2006,2.0,91000
20,6.0,64.0,6762,2.0,1.0,1.0,1.0,3.0,1.0,7,5,2006,1.0,632,0,2010,2.0,206000
20,6.0,74.0,10206,2.0,1.0,1.0,1.0,3.0,1.0,3,3,1952,0.0,528,0,2009,2.0,82000
30,6.0,60.0,5400,2.0,1.0,1.0,1.0,3.0,1.0,5,6,1920,1.0,216,0,2007,2.0,86000
20,6.0,75.0,11957,2.0,2.0,1.0,1.0,5.0,1.0,8,5,2006,1.0,824,0,2008,2.0,232000
120,6.0,43.0,3182,2.0,1.0,1.0,1.0,3.0,4.0,7,5,2005,1.0,457,0,2009,2.0,181000
80,6.0,65.0,8385,2.0,1.0,1.0,1.0,3.0,1.0,5,8,1977,1.0,328,0,2008,2.0,149900
160,8.0,21.0,2217,2.0,1.0,1.0,1.0,3.0,4.0,4,4,1970,1.0,286,0,2009,2.0,88000
20,6.0,43.0,12118,2.0,2.0,1.0,1.0,3.0,1.0,7,5,2004,1.0,550,0,2009,2.0,240000
50,6.0,60.0,6000,2.0,1.0,1.0,1.0,3.0,1.0,5,5,1926,1.0,0,0,2006,2.0,102000
50,6.0,115.0,21286,2.0,1.0,1.0,1.0,3.0,1.0,5,5,1948,1.0,312,0,2008,2.0,135000
90,6.0,75.0,9825,2.0,1.0,1.0,1.0,3.0,3.0,5,5,1965,0.0,0,0,2010,2.0,100000
70,6.0,55.0,10592,2.0,1.0,1.0,1.0,3.0,1.0,6,7,1923,1.0,180,0,2007,2.0,165000
30,8.0,60.0,7200,2.0,1.0,1.0,1.0,3.0,1.0,5,4,1910,0.0,280,0,2009,2.0,85000
20,6.0,60.0,11664,2.0,1.0,1.0,1.0,1.0,1.0,6,5,1948,1.0,240,0,2007,2.0,119200
60,6.0,70.0,8400,2.0,1.0,1.0,1.0,3.0,1.0,8,6,2001,1.0,528,0,2009,2.0,227000
20,6.0,73.0,11883,2.0,1.0,1.0,1.0,3.0,1.0,7,5,1996,1.0,478,0,2009,2.0,203000
120,6.0,43.0,3013,2.0,1.0,1.0,1.0,3.0,4.0,7,5,2005,1.0,440,0,2006,2.0,213490
20,6.0,60.0,7024,2.0,1.0,1.0,1.0,3.0,1.0,4,5,2005,1.0,451,0,2008,2.0,176000
20,6.0,64.0,7406,2.0,1.0,1.0,1.0,3.0,1.0,7,5,2006,1.0,632,0,2006,3.0,194000
50,8.0,52.0,9439,2.0,1.0,1.0,1.0,3.0,1.0,5,5,1930,1.0,160,0,2007,2.0,87000
120,6.0,43.0,3182,2.0,1.0,1.0,1.0,3.0,4.0,7,5,2005,1.0,437,0,2008,2.0,191000
20,6.0,70.0,7700,2.0,1.0,1.0,1.0,3.0,1.0,5,5,1972,1.0,461,0,2007,2.0,112500
20,6.0,73.0,9300,2.0,1.0,1.0,1.0,2.0,1.0,5,5,1960,1.0,461,0,2010,2.0,167500
20,6.0,71.0,9520,2.0,2.0,3.0,1.0,3.0,1.0,8,5,2007,1.0,800,0,2008,3.0,293077
50,6.0,79.0,9492,2.0,1.0,1.0,1.0,1.0,1.0,5,5,1941,1.0,240,0,2007,2.0,105000
75,6.0,102.0,15863,2.0,1.0,1.0,1.0,3.0,1.0,7,3,1920,1.0,672,0,2009,2.0,197000
30,6.0,50.0,6305,2.0,1.0,2.0,1.0,3.0,1.0,5,7,1938,1.0,240,0,2007,2.0,119750
20,6.0,89.0,12898,2.0,2.0,3.0,1.0,3.0,1.0,9,5,2007,1.0,912,0,2009,2.0,315500
180,8.0,21.0,1477,2.0,1.0,1.0,1.0,3.0,4.0,4,4,1970,1.0,286,0,2009,2.0,80000
20,6.0,88.0,13125,2.0,1.0,1.0,1.0,3.0,1.0,5,4,1957,1.0,484,0,2006,2.0,155000
60,6.0,86.0,11839,2.0,1.0,1.0,1.0,3.0,1.0,7,5,1990,1.0,514,0,2008,2.0,262280
20,6.0,80.0,9600,2.0,1.0,1.0,1.0,6.0,1.0,8,5,1981,1.0,542,0,2009,2.0,278000
60,6.0,85.0,16056,2.0,2.0,1.0,1.0,3.0,1.0,9,5,2005,1.0,716,0,2006,3.0,556581
20,6.0,57.0,9245,2.0,3.0,1.0,1.0,3.0,1.0,5,5,1994,1.0,672,0,2008,2.0,145000
20,6.0,100.0,21750,2.0,1.0,1.0,1.0,3.0,1.0,5,4,1960,1.0,336,0,2009,2.0,115000
20,6.0,60.0,11100,2.0,1.0,4.0,1.0,3.0,1.0,4,7,1946,1.0,308,0,2010,2.0,84900
20,6.0,73.0,8993,2.0,2.0,1.0,1.0,3.0,1.0,7,5,2007,1.0,436,0,2007,3.0,176485
20,6.0,103.0,11175,2.0,2.0,1.0,1.0,3.0,1.0,7,5,2007,1.0,440,0,2007,3.0,200141
60,6.0,100.0,9500,2.0,1.0,1.0,1.0,1.0,1.0,6,6,1964,1.0,540,0,2007,2.0,165000
20,6.0,68.0,8562,2.0,1.0,1.0,2.0,3.0,1.0,5,6,1957,1.0,364,0,2010,2.0,144500
60,6.0,90.0,11367,2.0,1.0,1.0,1.0,3.0,1.0,8,5,2002,1.0,586,0,2006,2.0,255000
20,6.0,104.0,11361,2.0,1.0,1.0,1.0,3.0,1.0,6,5,1976,1.0,478,0,2008,4.0,180000
120,6.0,43.0,7052,2.0,2.0,1.0,1.0,3.0,4.0,7,5,2005,1.0,484,0,2006,2.0,185850
60,6.0,96.0,11308,2.0,2.0,1.0,1.0,3.0,1.0,9,5,2008,1.0,836,0,2009,2.0,335000
120,6.0,41.0,4920,2.0,1.0,1.0,1.0,3.0,4.0,8,5,2001,1.0,582,0,2010,2.0,213500
190,8.0,85.0,13600,2.0,1.0,1.0,1.0,3.0,2.0,5,5,1900,0.0,560,0,2007,2.0,90000
30,8.0,50.0,6000,2.0,1.0,1.0,1.0,1.0,1.0,6,6,1925,1.0,440,0,2006,2.0,110500
60,6.0,80.0,14000,2.0,1.0,1.0,2.0,3.0,1.0,7,5,1996,1.0,533,0,2010,2.0,328000
60,6.0,59.0,7837,2.0,2.0,1.0,1.0,3.0,1.0,6,7,1993,1.0,380,0,2009,2.0,178000
60,6.0,80.0,9760,2.0,1.0,1.0,2.0,3.0,1.0,6,6,1964,1.0,442,0,2008,2.0,167900
160,8.0,42.0,3964,2.0,1.0,1.0,1.0,3.0,4.0,6,4,1973,1.0,576,0,2006,2.0,151400
45,6.0,60.0,9600,2.0,1.0,1.0,1.0,3.0,1.0,5,7,1949,1.0,576,0,2007,2.0,135000
20,6.0,72.0,10152,2.0,1.0,1.0,1.0,3.0,1.0,5,5,1956,1.0,286,0,2007,2.0,135000
60,6.0,78.0,11700,2.0,1.0,1.0,1.0,5.0,1.0,6,6,1968,1.0,441,0,2009,2.0,154000
50,6.0,50.0,7585,2.0,1.0,1.0,1.0,1.0,1.0,5,3,1948,1.0,280,0,2006,2.0,91500
60,6.0,75.0,7950,2.0,2.0,2.0,1.0,3.0,1.0,6,6,1977,1.0,440,0,2009,2.0,159500
20,6.0,74.0,8556,2.0,1.0,1.0,1.0,3.0,1.0,7,5,2006,1.0,826,0,2007,2.0,194000
70,6.0,75.0,13125,2.0,1.0,1.0,1.0,3.0,1.0,7,6,1940,1.0,240,0,2007,1.0,219500
50,6.0,60.0,10800,2.0,1.0,1.0,1.0,3.0,1.0,5,8,1936,1.0,566,0,2006,2.0,170000
120,8.0,37.0,4435,2.0,1.0,1.0,1.0,3.0,4.0,6,5,2004,1.0,420,0,2006,2.0,155900
20,6.0,65.0,8775,2.0,1.0,1.0,1.0,3.0,1.0,5,5,1994,1.0,299,0,2007,2.0,126000
20,6.0,80.0,11040,2.0,1.0,1.0,1.0,3.0,1.0,6,7,1971,1.0,528,0,2008,4.0,145000
20,6.0,75.0,7500,2.0,1.0,1.0,1.0,2.0,1.0,5,5,1963,1.0,308,0,2010,2.0,133000
20,6.0,70.0,8749,2.0,1.0,1.0,1.0,3.0,1.0,7,5,2002,1.0,527,0,2007,2.0,192000
20,6.0,80.0,8800,2.0,1.0,1.0,1.0,3.0,1.0,6,6,1964,1.0,461,0,2006,2.0,160000
85,6.0,73.0,9069,2.0,1.0,1.0,1.0,3.0,1.0,6,6,1992,1.0,564,0,2010,2.0,147000
60,3.0,85.0,10574,2.0,1.0,1.0,1.0,3.0,1.0,8,5,2005,1.0,1043,0,2009,2.0,252000
120,3.0,37.0,3316,2.0,2.0,1.0,1.0,3.0,4.0,8,5,2005,1.0,550,0,2006,2.0,197000
90,6.0,60.0,8544,2.0,1.0,1.0,1.0,3.0,3.0,3,4,1950,0.0,400,0,2009,2.0,92900
50,6.0,60.0,8400,2.0,1.0,2.0,1.0,3.0,1.0,6,5,1925,1.0,576,0,2008,2.0,136500
20,6.0,71.0,9230,2.0,1.0,1.0,1.0,2.0,1.0,5,8,1965,1.0,884,0,2006,2.0,146000
20,6.0,74.0,5868,2.0,1.0,1.0,1.0,3.0,1.0,5,7,1956,1.0,308,0,2010,2.0,129000
20,6.0,78.0,9317,2.0,2.0,1.0,1.0,3.0,1.0,6,5,2006,1.0,440,0,2007,2.0,176432
70,8.0,60.0,6882,2.0,1.0,1.0,1.0,3.0,1.0,6,7,1914,1.0,0,0,2007,2.0,127000
50,8.0,50.0,6000,2.0,1.0,1.0,1.0,3.0,1.0,4,6,1936,1.0,240,0,2009,2.0,128000
20,6.0,82.0,11880,2.0,2.0,1.0,1.0,5.0,1.0,7,5,1978,1.0,478,0,2009,4.0,157000
30,6.0,60.0,8400,2.0,1.0,2.0,1.0,3.0,1.0,2,5,1920,0.0,246,0,2009,2.0,60000
20,6.0,61.0,9758,2.0,2.0,1.0,1.0,3.0,1.0,5,5,1971,1.0,280,0,2007,2.0,119500
20,6.0,70.0,7000,2.0,1.0,1.0,1.0,3.0,1.0,5,7,1960,1.0,254,0,2007,2.0,135000
20,6.0,79.0,8910,2.0,1.0,1.0,1.0,3.0,1.0,6,6,1959,1.0,539,0,2006,2.0,159500
160,8.0,24.0,2016,2.0,1.0,1.0,1.0,3.0,4.0,5,5,1970,1.0,440,0,2007,2.0,106000
60,6.0,98.0,12256,2.0,2.0,1.0,1.0,3.0,1.0,8,5,1994,1.0,712,0,2010,2.0,325000
20,6.0,114.0,10357,2.0,2.0,1.0,1.0,2.0,1.0,7,5,1990,1.0,719,0,2007,2.0,179900
60,6.0,168.0,23257,2.0,4.0,3.0,1.0,3.0,1.0,7,5,2006,1.0,422,0,2006,3.0,274725
20,6.0,107.0,11362,2.0,2.0,1.0,1.0,3.0,1.0,8,5,2004,1.0,862,0,2009,2.0,280000
60,6.0,80.0,10480,2.0,1.0,1.0,1.0,3.0,1.0,7,6,1976,1.0,483,0,2008,2.0,205000
20,6.0,73.0,7100,2.0,2.0,1.0,1.0,3.0,1.0,5,7,1957,1.0,308,0,2006,2.0,129900
20,6.0,66.0,8923,2.0,1.0,1.0,1.0,3.0,1.0,5,7,1953,1.0,240,0,2007,2.0,134500
20,6.0,90.0,5400,2.0,1.0,1.0,1.0,3.0,1.0,5,7,1954,1.0,326,0,2006,2.0,117000
20,6.0,93.0,12085,2.0,1.0,1.0,1.0,3.0,1.0,8,5,2007,1.0,928,0,2007,3.0,318000
20,6.0,57.0,9764,2.0,2.0,1.0,1.0,2.0,1.0,5,7,1967,1.0,450,0,2008,2.0,130000
80,6.0,85.0,13825,2.0,1.0,1.0,1.0,3.0,1.0,5,6,1958,1.0,300,0,2008,2.0,140000
20,6.0,70.0,7560,2.0,1.0,1.0,1.0,3.0,1.0,5,5,1959,1.0,286,0,2006,2.0,133700
30,8.0,59.0,8263,2.0,1.0,2.0,2.0,3.0,1.0,6,5,1920,1.0,308,0,2007,2.0,118400
20,6.0,84.0,10084,2.0,1.0,1.0,1.0,3.0,1.0,7,5,2005,1.0,782,0,2006,3.0,212900
20,6.0,50.0,9405,2.0,1.0,1.0,1.0,3.0,1.0,5,9,1947,1.0,0,0,2009,2.0,118000
20,6.0,60.0,10434,2.0,1.0,1.0,1.0,3.0,1.0,4,5,1955,1.0,672,0,2009,2.0,115000
120,6.0,53.0,3684,2.0,1.0,1.0,1.0,3.0,4.0,7,5,2007,1.0,660,0,2009,2.0,174000
20,6.0,182.0,14572,2.0,4.0,1.0,1.0,3.0,1.0,7,5,2004,1.0,630,0,2007,2.0,259000
60,6.0,59.0,11796,2.0,2.0,1.0,1.0,3.0,1.0,7,5,2004,1.0,434,0,2007,2.0,215000
90,8.0,60.0,7200,2.0,1.0,1.0,1.0,3.0,3.0,5,5,1980,1.0,672,0,2007,2.0,140000
50,6.0,65.0,7804,2.0,1.0,1.0,1.0,3.0,1.0,4,3,1928,1.0,576,0,2009,2.0,135000
20,6.0,63.0,10712,2.0,1.0,1.0,1.0,3.0,1.0,5,5,1991,1.0,0,0,2007,8.0,93500
70,8.0,90.0,9900,2.0,1.0,1.0,1.0,3.0,1.0,6,4,1880,1.0,205,0,2007,2.0,117500
60,6.0,80.0,9828,2.0,2.0,1.0,1.0,3.0,1.0,8,5,1995,1.0,466,0,2009,2.0,239500
60,6.0,57.0,8773,2.0,2.0,3.0,1.0,3.0,1.0,6,5,1997,1.0,460,0,2007,2.0,169000
30,8.0,60.0,6180,2.0,1.0,1.0,1.0,3.0,1.0,6,5,1926,0.0,180,0,2007,2.0,102000
50,6.0,80.0,9600,2.0,1.0,1.0,1.0,3.0,1.0,6,5,1950,1.0,288,0,2008,2.0,119000
50,6.0,54.0,6342,2.0,1.0,1.0,1.0,2.0,1.0,5,8,1875,0.0,0,0,2010,2.0,94000
30,6.0,98.0,8731,2.0,2.0,1.0,1.0,3.0,1.0,5,5,1920,1.0,495,0,2007,2.0,144000
20,6.0,60.0,7350,2.0,1.0,1.0,1.0,3.0,1.0,5,7,1951,1.0,840,0,2008,4.0,139000
60,6.0,77.0,9965,2.0,1.0,1.0,1.0,3.0,1.0,8,5,2006,1.0,1052,0,2007,3.0,424870
190,6.0,60.0,12180,2.0,1.0,1.0,1.0,3.0,2.0,4,4,1941,0.0,280,0,2010,2.0,80000
50,8.0,52.0,6240,2.0,1.0,1.0,1.0,3.0,1.0,5,6,1928,1.0,225,0,2006,2.0,149000
70,6.0,75.0,12000,2.0,1.0,2.0,1.0,3.0,1.0,7,7,1941,1.0,234,0,2009,2.0,174500
70,8.0,50.0,9000,2.0,1.0,1.0,1.0,1.0,1.0,7,9,1920,1.0,324,0,2009,2.0,143000
20,6.0,57.0,8280,2.0,2.0,1.0,1.0,3.0,1.0,6,5,1950,1.0,306,0,2007,2.0,124000
20,6.0,134.0,17755,2.0,1.0,1.0,1.0,3.0,1.0,5,4,1959,1.0,528,0,2006,2.0,149900
20,6.0,90.0,14115,2.0,2.0,1.0,1.0,3.0,1.0,6,7,1956,1.0,470,0,2006,2.0,230000
20,6.0,90.0,10768,2.0,2.0,1.0,1.0,3.0,1.0,5,8,1976,1.0,528,0,2007,2.0,218000
80,6.0,85.0,9350,2.0,1.0,1.0,1.0,3.0,1.0,5,8,1965,1.0,502,0,2008,2.0,179900
20,6.0,92.0,11932,2.0,1.0,1.0,1.0,2.0,1.0,8,5,2007,1.0,830,0,2008,7.0,235128
60,6.0,76.0,9120,2.0,1.0,1.0,1.0,3.0,1.0,6,6,1974,1.0,540,0,2008,2.0,185000
20,6.0,109.0,8724,2.0,1.0,1.0,1.0,3.0,1.0,5,5,1968,1.0,450,0,2007,2.0,129000
90,6.0,60.0,12900,2.0,1.0,1.0,1.0,2.0,3.0,4,4,1969,1.0,400,0,2008,2.0,108959
20,6.0,79.0,9541,2.0,2.0,1.0,1.0,3.0,1.0,7,5,2009,1.0,644,0,2009,3.0,233170
20,6.0,64.0,10475,2.0,2.0,1.0,1.0,3.0,1.0,8,5,2008,1.0,776,0,2010,2.0,245350
60,6.0,58.0,10852,2.0,2.0,1.0,1.0,5.0,1.0,6,5,2000,1.0,472,0,2006,2.0,173000
70,6.0,120.0,13728,2.0,1.0,1.0,1.0,3.0,1.0,6,7,1935,1.0,540,0,2008,2.0,235000
60,6.0,118.0,35760,2.0,2.0,1.0,1.0,3.0,1.0,10,5,1995,1.0,807,0,2006,2.0,625000
80,6.0,76.0,9880,2.0,1.0,1.0,1.0,3.0,1.0,6,6,1977,1.0,358,576,2008,2.0,171000
20,6.0,76.0,9120,2.0,1.0,1.0,1.0,3.0,1.0,6,6,1958,1.0,433,0,2008,2.0,163000
160,3.0,35.0,4017,2.0,2.0,1.0,1.0,3.0,4.0,7,5,2006,1.0,625,0,2008,2.0,171900
50,6.0,138.0,18030,2.0,2.0,2.0,1.0,3.0,1.0,5,6,1946,1.0,0,0,2007,2.0,200500
70,6.0,80.0,16560,2.0,2.0,1.0,1.0,3.0,1.0,6,8,1932,1.0,360,0,2006,2.0,239000
50,6.0,85.0,10678,2.0,1.0,1.0,1.0,3.0,1.0,8,5,1992,1.0,541,0,2007,2.0,285000
20,6.0,37.0,6951,2.0,2.0,1.0,1.0,3.0,1.0,5,5,1984,1.0,264,0,2008,2.0,119500
50,6.0,54.0,7681,2.0,2.0,1.0,1.0,3.0,1.0,5,6,1921,1.0,186,0,2009,2.0,154900
20,6.0,77.0,8335,2.0,1.0,1.0,1.0,3.0,1.0,5,5,1954,1.0,0,0,2006,2.0,93000
120,8.0,64.0,5587,2.0,2.0,3.0,2.0,3.0,4.0,8,5,2008,1.0,482,0,2008,3.0,392500
60,6.0,160.0,15623,2.0,2.0,1.0,1.0,3.0,1.0,10,5,1996,1.0,813,555,2007,2.0,745000
30,6.0,60.0,10800,2.0,1.0,1.0,1.0,3.0,1.0,5,6,1920,1.0,720,0,2006,2.0,120000
20,6.0,50.0,35133,1.0,1.0,1.0,2.0,3.0,1.0,5,4,1963,1.0,995,0,2007,2.0,186700
50,6.0,60.0,9738,2.0,1.0,1.0,1.0,3.0,1.0,5,7,1924,1.0,392,0,2006,2.0,104900
190,6.0,107.0,10615,2.0,2.0,2.0,2.0,1.0,2.0,3,5,1900,1.0,420,0,2009,2.0,95000
20,6.0,89.0,12461,2.0,1.0,1.0,1.0,3.0,1.0,8,5,1994,1.0,757,0,2006,2.0,262000
60,6.0,68.0,8935,2.0,2.0,1.0,1.0,3.0,1.0,7,5,2002,1.0,493,0,2009,2.0,195000
60,6.0,60.0,7500,2.0,1.0,1.0,1.0,3.0,1.0,7,5,1999,1.0,442,0,2010,2.0,189000
50,8.0,60.0,9600,2.0,1.0,1.0,1.0,3.0,1.0,5,8,1925,1.0,250,0,2007,2.0,125000
60,6.0,80.0,9364,2.0,1.0,1.0,1.0,3.0,1.0,6,7,1969,1.0,299,0,2010,2.0,158000
60,6.0,51.0,8029,2.0,2.0,1.0,1.0,3.0,1.0,6,5,2005,1.0,400,0,2008,2.0,176000
60,6.0,58.0,14054,2.0,2.0,1.0,1.0,3.0,1.0,7,5,2006,1.0,660,0,2006,3.0,219210
75,8.0,65.0,8850,2.0,2.0,2.0,1.0,3.0,1.0,7,6,1916,1.0,225,0,2006,5.0,144000
20,6.0,70.0,9100,2.0,1.0,1.0,1.0,3.0,1.0,7,5,2001,1.0,573,0,2009,2.0,178000
20,6.0,75.0,11235,2.0,1.0,1.0,1.0,3.0,1.0,4,5,1963,1.0,459,0,2006,2.0,148000
20,6.0,71.0,9353,2.0,1.0,1.0,1.0,3.0,1.0,4,5,1970,1.0,280,0,2006,8.0,116050
60,6.0,80.0,10400,2.0,1.0,1.0,1.0,3.0,1.0,7,5,1998,1.0,546,0,2009,2.0,197900
50,8.0,50.0,6000,2.0,1.0,1.0,1.0,3.0,1.0,5,8,1925,1.0,216,0,2009,2.0,117000
20,6.0,75.0,9750,2.0,1.0,1.0,1.0,3.0,1.0,7,5,2000,1.0,451,0,2009,2.0,213000
20,6.0,78.0,10140,2.0,1.0,1.0,1.0,3.0,1.0,5,6,1975,1.0,495,0,2006,2.0,153500
20,6.0,90.0,14684,2.0,2.0,1.0,1.0,3.0,1.0,7,7,1990,1.0,701,0,2009,2.0,271900
20,6.0,70.0,9135,2.0,1.0,1.0,1.0,3.0,1.0,6,5,2003,1.0,544,0,2006,2.0,200000
20,6.0,70.0,7763,2.0,1.0,1.0,1.0,3.0,1.0,5,7,1962,1.0,506,0,2008,2.0,140000
20,6.0,85.0,10182,2.0,2.0,1.0,1.0,4.0,1.0,8,5,2006,1.0,500,0,2006,3.0,290000
60,6.0,70.0,11218,2.0,1.0,1.0,1.0,3.0,1.0,6,5,1992,1.0,462,0,2010,2.0,189000
50,6.0,152.0,12134,2.0,2.0,2.0,2.0,3.0,1.0,8,7,1988,1.0,492,0,2010,2.0,164000
30,6.0,50.0,9340,2.0,1.0,1.0,1.0,3.0,1.0,4,6,1941,1.0,234,0,2009,2.0,113000
85,6.0,69.0,10205,2.0,2.0,1.0,1.0,3.0,1.0,5,5,1962,1.0,300,0,2006,2.0,134500
20,6.0,99.0,7094,2.0,2.0,1.0,1.0,3.0,1.0,5,5,1966,1.0,384,0,2007,2.0,125000
90,8.0,68.0,8930,2.0,1.0,1.0,1.0,9.0,3.0,6,5,1978,1.0,539,0,2010,2.0,112000
20,3.0,72.0,8640,2.0,1.0,1.0,1.0,3.0,1.0,8,5,2009,1.0,552,0,2009,3.0,229456
50,8.0,52.0,6240,2.0,1.0,1.0,1.0,3.0,1.0,4,5,1947,0.0,0,0,2006,2.0,80500
20,6.0,66.0,7800,2.0,2.0,1.0,1.0,3.0,1.0,5,5,1964,1.0,288,0,2006,2.0,115000
20,6.0,55.0,8250,2.0,1.0,1.0,1.0,2.0,1.0,5,5,1968,1.0,322,0,2008,2.0,134000
50,6.0,78.0,10496,2.0,1.0,1.0,1.0,1.0,1.0,6,6,1949,1.0,315,0,2007,2.0,143000
20,6.0,89.0,10680,2.0,1.0,1.0,1.0,3.0,1.0,5,3,1951,0.0,528,0,2006,2.0,137900
60,6.0,60.0,15384,2.0,2.0,1.0,1.0,5.0,1.0,7,5,2004,1.0,388,0,2008,2.0,184000
80,6.0,65.0,10482,2.0,1.0,1.0,1.0,3.0,1.0,6,8,1958,1.0,264,0,2007,2.0,145000
60,6.0,86.0,14598,2.0,2.0,1.0,1.0,2.0,1.0,6,5,2007,1.0,668,0,2008,2.0,214000
20,6.0,72.0,8872,2.0,1.0,1.0,1.0,3.0,1.0,5,8,1965,1.0,576,0,2008,2.0,147000
120,6.0,65.0,8769,2.0,1.0,1.0,1.0,3.0,4.0,9,5,2008,1.0,1052,0,2008,3.0,367294
80,6.0,70.0,7910,2.0,1.0,1.0,1.0,3.0,1.0,5,5,1960,1.0,404,0,2008,2.0,127000
90,6.0,70.0,7728,2.0,1.0,1.0,1.0,3.0,3.0,5,6,1962,1.0,540,0,2006,2.0,132500
90,6.0,70.0,9842,2.0,1.0,1.0,1.0,3.0,3.0,4,5,1962,1.0,462,0,2007,2.0,101800
70,5.0,55.0,8525,2.0,1.0,2.0,1.0,3.0,1.0,5,6,1911,0.0,0,0,2008,2.0,130000
70,6.0,96.0,13132,2.0,1.0,1.0,1.0,3.0,1.0,5,5,1914,1.0,180,0,2006,2.0,138887
60,6.0,41.0,12393,2.0,3.0,1.0,1.0,3.0,1.0,7,5,2004,1.0,434,0,2006,2.0,195000
20,6.0,63.0,13072,2.0,1.0,1.0,1.0,9.0,1.0,6,5,2005,1.0,484,0,2006,2.0,142500
20,6.0,64.0,9037,2.0,2.0,3.0,1.0,3.0,1.0,8,5,2006,1.0,472,0,2007,2.0,265900
60,6.0,65.0,8158,2.0,1.0,1.0,1.0,3.0,1.0,7,5,2003,1.0,543,0,2008,2.0,224900
20,6.0,83.0,9849,2.0,1.0,1.0,1.0,3.0,1.0,7,6,2007,1.0,954,0,2007,3.0,248328
85,6.0,85.0,10625,2.0,1.0,1.0,1.0,3.0,1.0,7,6,1974,1.0,528,0,2010,2.0,170000
20,6.0,107.0,13891,2.0,1.0,1.0,1.0,3.0,1.0,10,5,2006,1.0,850,0,2006,3.0,465000
80,6.0,78.0,12090,2.0,1.0,1.0,1.0,3.0,1.0,6,7,1984,1.0,477,0,2007,2.0,178000
60,3.0,65.0,8125,2.0,1.0,1.0,1.0,3.0,1.0,7,5,2005,1.0,615,0,2006,3.0,186500
75,8.0,60.0,9600,2.0,1.0,1.0,1.0,3.0,1.0,6,5,1917,0.0,396,0,2008,2.0,129500
20,6.0,60.0,7200,2.0,1.0,1.0,1.0,3.0,1.0,5,7,1950,1.0,276,0,2007,2.0,119000
20,6.0,93.0,11160,2.0,1.0,1.0,1.0,3.0,1.0,7,5,1968,1.0,522,0,2010,2.0,244000
20,6.0,62.0,9858,2.0,1.0,1.0,1.0,3.0,1.0,5,6,1968,1.0,288,0,2009,2.0,130000
60,6.0,60.0,6931,2.0,1.0,1.0,1.0,3.0,1.0,7,5,2003,1.0,397,0,2008,2.0,165400
50,8.0,52.0,6240,2.0,1.0,1.0,1.0,3.0,1.0,6,6,1931,1.0,560,0,2007,2.0,127500
20,6.0,91.0,14303,2.0,2.0,1.0,1.0,3.0,1.0,8,5,1994,1.0,691,0,2008,2.0,301500
30,6.0,56.0,4060,2.0,1.0,1.0,1.0,2.0,1.0,5,8,1922,1.0,0,0,2009,2.0,99900
80,6.0,59.0,9587,2.0,2.0,1.0,1.0,3.0,1.0,7,5,2005,1.0,400,0,2008,2.0,190000
20,6.0,65.0,9750,2.0,1.0,1.0,1.0,3.0,1.0,6,8,1969,1.0,460,0,2008,2.0,151000
20,6.0,80.0,9600,2.0,1.0,1.0,1.0,3.0,1.0,5,6,1956,1.0,338,0,2009,2.0,128900
70,6.0,60.0,13515,2.0,1.0,1.0,1.0,3.0,1.0,6,6,1919,1.0,520,0,2007,2.0,180500
120,5.0,34.0,4060,2.0,1.0,1.0,1.0,3.0,4.0,6,5,1998,1.0,511,0,2008,4.0,181000
160,3.0,35.0,3735,2.0,1.0,1.0,1.0,3.0,4.0,7,5,1999,1.0,506,0,2006,2.0,183900
190,8.0,60.0,10120,2.0,2.0,2.0,1.0,2.0,2.0,7,4,1910,0.0,308,0,2007,2.0,122000
20,6.0,89.0,13214,2.0,2.0,3.0,1.0,3.0,1.0,9,5,2008,1.0,746,0,2010,2.0,378500
50,6.0,78.0,11344,2.0,1.0,1.0,1.0,2.0,1.0,5,5,1958,1.0,315,0,2007,2.0,144000
80,6.0,124.0,11512,2.0,2.0,1.0,1.0,3.0,1.0,6,7,1959,1.0,312,0,2008,2.0,177000
50,6.0,53.0,5362,2.0,1.0,1.0,1.0,3.0,1.0,5,6,1910,1.0,552,0,2007,2.0,139000
90,6.0,95.0,11345,2.0,1.0,1.0,1.0,2.0,3.0,5,5,1948,1.0,400,0,2007,2.0,137000
60,6.0,75.0,9473,2.0,1.0,1.0,1.0,3.0,1.0,8,5,2002,1.0,577,0,2008,2.0,237000
20,6.0,67.0,9808,2.0,2.0,1.0,1.0,3.0,1.0,7,5,2002,1.0,544,0,2009,2.0,227000
20,6.0,50.0,8049,2.0,2.0,1.0,1.0,3.0,1.0,7,5,1990,1.0,484,0,2006,2.0,180000
20,6.0,61.0,8800,2.0,2.0,1.0,1.0,3.0,1.0,5,7,1977,1.0,484,0,2009,2.0,150500
90,6.0,94.0,9400,2.0,1.0,4.0,1.0,3.0,3.0,6,5,1971,1.0,0,0,2010,2.0,139000
50,6.0,50.0,9638,2.0,1.0,1.0,1.0,2.0,1.0,6,7,1919,1.0,336,0,2010,2.0,169000
50,8.0,50.0,6000,2.0,1.0,1.0,1.0,3.0,1.0,6,6,1939,1.0,280,0,2009,2.0,132500
120,6.0,40.0,5664,2.0,2.0,1.0,1.0,3.0,4.0,8,5,2000,1.0,499,0,2009,2.0,278000
60,6.0,86.0,11065,2.0,2.0,1.0,1.0,3.0,1.0,8,5,2006,1.0,753,0,2006,3.0,281000
70,8.0,60.0,6600,2.0,1.0,1.0,1.0,3.0,1.0,5,4,1892,0.0,432,0,2009,2.0,107500
60,6.0,78.0,10140,2.0,1.0,1.0,1.0,3.0,1.0,7,5,1976,1.0,528,0,2006,2.0,162900
20,6.0,60.0,8172,2.0,1.0,1.0,1.0,3.0,1.0,5,7,1955,1.0,572,0,2006,2.0,115000
20,6.0,70.0,8400,2.0,1.0,1.0,1.0,2.0,1.0,5,5,1968,1.0,288,0,2006,2.0,138500
20,6.0,80.0,8700,2.0,1.0,1.0,1.0,3.0,1.0,5,6,1963,1.0,525,0,2008,2.0,155000
180,8.0,35.0,3675,2.0,1.0,1.0,1.0,3.0,4.0,6,5,2005,1.0,525,0,2006,3.0,140000
60,6.0,313.0,63887,2.0,4.0,2.0,1.0,2.0,1.0,10,5,2008,1.0,1418,480,2008,3.0,160000
20,6.0,75.0,7500,2.0,1.0,1.0,1.0,3.0,1.0,5,7,1959,1.0,305,0,2010,2.0,154000
60,6.0,92.0,10120,2.0,1.0,1.0,1.0,3.0,1.0,8,5,1994,1.0,844,0,2006,2.0,290000
20,6.0,73.0,8688,2.0,1.0,1.0,1.0,3.0,1.0,7,5,2005,1.0,834,0,2006,2.0,232000
160,8.0,32.0,3363,2.0,1.0,1.0,1.0,3.0,4.0,7,5,2004,1.0,380,0,2006,2.0,130000
20,6.0,108.0,13173,2.0,2.0,1.0,1.0,3.0,1.0,9,5,2006,1.0,840,0,2009,2.0,325000
120,6.0,48.0,6955,2.0,2.0,1.0,1.0,3.0,4.0,7,5,2005,1.0,474,0,2006,3.0,202500
20,6.0,60.0,8072,2.0,1.0,1.0,1.0,3.0,1.0,5,5,1994,1.0,480,0,2009,2.0,138000
20,8.0,100.0,12000,2.0,1.0,1.0,1.0,3.0,1.0,5,7,1948,1.0,528,0,2008,2.0,147000
20,6.0,100.0,17500,2.0,1.0,1.0,1.0,7.0,1.0,7,8,1959,1.0,567,0,2010,2.0,335000
20,6.0,68.0,8814,2.0,1.0,1.0,1.0,3.0,1.0,7,5,2005,1.0,508,0,2007,3.0,203000
60,6.0,108.0,14774,2.0,2.0,1.0,1.0,3.0,1.0,9,5,1999,1.0,779,0,2010,2.0,333168
20,6.0,60.0,8190,2.0,1.0,1.0,1.0,3.0,1.0,4,6,1954,1.0,280,0,2007,2.0,119000
60,6.0,85.0,11075,2.0,1.0,1.0,1.0,3.0,1.0,6,5,1969,1.0,576,0,2008,2.0,206900
20,6.0,61.0,10226,2.0,2.0,1.0,1.0,3.0,1.0,8,5,2008,1.0,860,0,2009,2.0,295493
120,3.0,47.0,4230,2.0,1.0,1.0,1.0,3.0,4.0,7,5,2006,1.0,466,0,2007,3.0,208900
20,6.0,75.0,10215,2.0,1.0,2.0,1.0,3.0,1.0,4,5,1954,1.0,248,0,2007,2.0,111000
20,6.0,70.0,8400,2.0,1.0,1.0,1.0,3.0,1.0,6,3,1957,1.0,442,0,2009,2.0,156500
60,6.0,107.0,10186,2.0,2.0,1.0,1.0,3.0,1.0,7,5,1992,1.0,564,0,2010,2.0,190000
30,6.0,50.0,5330,2.0,1.0,3.0,1.0,3.0,1.0,4,7,1940,1.0,0,0,2009,2.0,82500
20,6.0,75.0,9986,2.0,1.0,1.0,1.0,3.0,1.0,8,5,2006,1.0,895,0,2007,3.0,147000
30,8.0,40.0,3636,2.0,1.0,1.0,1.0,3.0,1.0,4,4,1922,0.0,0,0,2008,2.0,55000
30,5.0,70.0,4270,2.0,1.0,2.0,2.0,3.0,1.0,3,6,1931,1.0,0,0,2007,2.0,79000
20,6.0,60.0,6600,2.0,1.0,1.0,1.0,3.0,1.0,5,9,1982,1.0,264,0,2008,2.0,130500
50,8.0,60.0,10440,2.0,1.0,1.0,1.0,3.0,1.0,6,7,1920,1.0,520,0,2008,2.0,256000
60,6.0,63.0,9084,2.0,2.0,1.0,1.0,3.0,1.0,7,5,1998,1.0,462,0,2006,2.0,176500
20,6.0,85.0,10000,2.0,1.0,1.0,1.0,3.0,1.0,8,5,2006,1.0,825,0,2007,2.0,227000
80,6.0,55.0,10780,2.0,2.0,1.0,1.0,3.0,1.0,5,5,1976,1.0,576,0,2006,2.0,132500
20,6.0,67.0,8877,2.0,1.0,1.0,2.0,3.0,1.0,4,6,1938,1.0,288,0,2009,2.0,100000
50,8.0,60.0,7200,2.0,1.0,1.0,1.0,3.0,1.0,5,6,1938,1.0,297,0,2006,2.0,125500
160,8.0,24.0,2368,2.0,1.0,1.0,1.0,3.0,4.0,5,6,1970,1.0,440,0,2009,2.0,125000
20,6.0,80.0,9650,2.0,1.0,1.0,1.0,3.0,1.0,6,5,1977,1.0,630,0,2009,2.0,167900
90,6.0,87.0,9246,2.0,2.0,1.0,1.0,2.0,3.0,5,5,1973,1.0,506,0,2008,2.0,135000
30,8.0,153.0,4118,2.0,2.0,2.0,2.0,2.0,1.0,4,4,1941,0.0,0,0,2006,2.0,52500
60,6.0,95.0,13450,2.0,2.0,1.0,1.0,3.0,1.0,7,5,2002,1.0,492,0,2006,2.0,200000
20,6.0,120.0,9560,2.0,2.0,1.0,1.0,3.0,1.0,5,7,1972,1.0,288,0,2006,2.0,128500
20,6.0,70.0,8294,2.0,1.0,1.0,1.0,3.0,1.0,4,5,1971,1.0,480,0,2007,2.0,123000
20,6.0,66.0,13695,2.0,1.0,1.0,1.0,9.0,1.0,6,5,2003,1.0,576,0,2008,2.0,155000
50,6.0,57.0,7558,2.0,1.0,2.0,1.0,3.0,1.0,6,6,1928,1.0,342,0,2009,2.0,177000
60,6.0,85.0,11103,2.0,2.0,1.0,1.0,3.0,1.0,7,5,2006,1.0,440,0,2007,3.0,155835
30,8.0,50.0,6000,2.0,1.0,1.0,1.0,3.0,1.0,4,4,1920,1.0,308,0,2007,2.0,108500
20,6.0,93.0,15306,2.0,2.0,3.0,1.0,3.0,1.0,8,5,2006,1.0,712,0,2007,3.0,283463
70,8.0,50.0,5250,2.0,1.0,1.0,1.0,3.0,1.0,8,5,1872,0.0,0,0,2008,2.0,122000
90,6.0,91.0,11643,2.0,1.0,1.0,1.0,1.0,3.0,5,5,1969,1.0,968,0,2009,2.0,200000
60,6.0,70.0,9247,2.0,2.0,1.0,1.0,3.0,1.0,6,6,1962,1.0,490,0,2008,2.0,171000
50,8.0,50.0,6000,2.0,1.0,1.0,1.0,3.0,1.0,6,9,1937,1.0,624,0,2009,2.0,134900
50,6.0,56.0,14720,2.0,2.0,1.0,1.0,3.0,1.0,8,5,1995,1.0,666,0,2010,2.0,410000
80,6.0,102.0,10192,2.0,2.0,1.0,1.0,3.0,1.0,7,6,1968,1.0,487,0,2006,2.0,170000
20,6.0,129.0,16737,2.0,1.0,1.0,1.0,3.0,1.0,9,5,2004,1.0,770,0,2006,2.0,315000
70,6.0,51.0,9842,2.0,1.0,1.0,1.0,2.0,1.0,5,6,1921,1.0,621,0,2008,2.0,189000
20,6.0,124.0,16158,2.0,2.0,4.0,2.0,3.0,1.0,7,5,2005,1.0,430,0,2009,2.0,260000
60,6.0,73.0,8499,2.0,2.0,1.0,1.0,3.0,1.0,6,5,2006,1.0,432,0,2007,3.0,156932
160,3.0,30.0,3180,2.0,1.0,1.0,1.0,3.0,4.0,7,5,2005,1.0,480,0,2006,2.0,144152
60,6.0,68.0,9179,2.0,2.0,1.0,1.0,3.0,1.0,7,5,1999,1.0,588,0,2008,2.0,193000
160,8.0,41.0,2665,2.0,1.0,1.0,1.0,3.0,4.0,5,6,1977,1.0,336,0,2006,2.0,127000
20,6.0,48.0,10635,2.0,3.0,1.0,1.0,3.0,1.0,8,5,2003,1.0,502,0,2010,2.0,232000
50,6.0,90.0,5400,2.0,1.0,1.0,1.0,1.0,1.0,4,6,1920,1.0,338,0,2009,2.0,105000
80,6.0,80.0,9600,2.0,1.0,1.0,1.0,3.0,1.0,6,6,1955,1.0,377,0,2008,2.0,165500
60,6.0,75.0,9750,2.0,1.0,1.0,1.0,3.0,1.0,7,6,1998,1.0,583,0,2006,2.0,274300
60,3.0,85.0,10625,2.0,1.0,1.0,1.0,3.0,1.0,7,5,2005,1.0,936,0,2008,2.0,250000
20,6.0,89.0,10991,2.0,2.0,3.0,1.0,3.0,1.0,8,5,2007,1.0,722,0,2007,3.0,239000
30,6.0,52.0,6292,2.0,1.0,2.0,1.0,3.0,1.0,6,5,1930,0.0,160,0,2008,2.0,91000
50,6.0,60.0,10998,2.0,1.0,1.0,1.0,3.0,1.0,5,5,1941,1.0,660,0,2009,2.0,117000
80,6.0,73.0,9735,2.0,1.0,1.0,1.0,3.0,1.0,5,5,2006,1.0,400,0,2008,2.0,167500
30,6.0,45.0,8212,2.0,1.0,1.0,1.0,3.0,1.0,3,3,1914,0.0,200,0,2010,2.0,58500
70,8.0,60.0,7200,2.0,1.0,1.0,1.0,3.0,1.0,7,7,1920,1.0,576,0,2006,2.0,157000
50,6.0,60.0,9060,2.0,1.0,1.0,1.0,3.0,1.0,6,5,1939,1.0,280,0,2009,2.0,105000
50,8.0,40.0,5436,2.0,1.0,1.0,1.0,3.0,1.0,4,8,1922,1.0,240,0,2010,2.0,125500
60,6.0,80.0,16692,2.0,2.0,1.0,1.0,5.0,1.0,7,5,1978,1.0,564,519,2006,2.0,250000
50,8.0,60.0,8520,2.0,1.0,1.0,1.0,1.0,1.0,6,7,1916,0.0,216,0,2007,1.0,136000
20,6.0,42.0,14892,2.0,2.0,3.0,1.0,3.0,1.0,9,5,2006,1.0,758,0,2009,2.0,377500
50,8.0,60.0,6000,2.0,1.0,1.0,1.0,3.0,1.0,6,6,1941,1.0,440,0,2007,2.0,131000
20,6.0,70.0,9100,2.0,1.0,1.0,1.0,3.0,1.0,7,5,2000,1.0,541,0,2006,2.0,235000
90,6.0,65.0,8944,2.0,1.0,1.0,1.0,3.0,3.0,5,5,1967,1.0,792,0,2009,2.0,124000
85,6.0,68.0,7838,2.0,1.0,1.0,1.0,3.0,1.0,5,5,1967,1.0,288,0,2006,2.0,123000
190,8.0,60.0,10800,2.0,1.0,1.0,1.0,3.0,2.0,6,7,1905,0.0,672,0,2008,2.0,163000
120,6.0,53.0,4045,2.0,1.0,1.0,1.0,3.0,4.0,7,5,2006,1.0,648,0,2006,3.0,246578
60,6.0,88.0,12665,2.0,2.0,1.0,1.0,3.0,1.0,8,5,2005,1.0,642,0,2007,2.0,281213
70,8.0,51.0,6120,2.0,1.0,1.0,1.0,3.0,1.0,5,8,1920,1.0,180,0,2007,2.0,137500
50,6.0,60.0,7200,2.0,1.0,1.0,1.0,3.0,1.0,5,4,1950,1.0,240,0,2009,2.0,138000
50,6.0,51.0,6171,2.0,1.0,1.0,1.0,3.0,1.0,6,6,1925,1.0,216,0,2009,2.0,137450
50,8.0,50.0,6000,2.0,1.0,1.0,1.0,3.0,1.0,6,7,1929,1.0,208,0,2008,2.0,120000
60,6.0,62.0,7415,2.0,2.0,1.0,1.0,3.0,1.0,6,5,2004,1.0,398,0,2008,2.0,193000
20,6.0,64.0,6762,2.0,1.0,1.0,1.0,3.0,1.0,7,5,2006,1.0,662,0,2006,3.0,193879
20,6.0,49.0,15256,2.0,2.0,1.0,1.0,5.0,1.0,8,5,2007,1.0,754,0,2007,2.0,282922
50,6.0,60.0,10410,2.0,1.0,1.0,1.0,1.0,1.0,3,4,1915,1.0,936,0,2006,2.0,105000
120,8.0,44.0,3842,2.0,2.0,3.0,2.0,3.0,4.0,8,5,2004,1.0,482,0,2008,2.0,275000
85,6.0,70.0,8445,2.0,1.0,1.0,1.0,3.0,1.0,5,7,1972,1.0,396,0,2009,2.0,133000
70,8.0,60.0,7740,2.0,1.0,1.0,1.0,3.0,1.0,4,7,1910,1.0,528,0,2010,2.0,125500
60,6.0,46.0,20544,2.0,2.0,1.0,1.0,3.0,1.0,7,6,1986,1.0,542,0,2008,2.0,215000
60,6.0,79.0,12420,2.0,1.0,1.0,1.0,3.0,1.0,7,5,2001,1.0,622,0,2009,2.0,230000
50,6.0,80.0,9600,2.0,1.0,1.0,1.0,3.0,1.0,6,8,1950,1.0,271,0,2009,2.0,140000
90,6.0,60.0,7200,2.0,1.0,1.0,1.0,3.0,3.0,4,5,1949,0.0,420,0,2009,2.0,90000
20,6.0,88.0,10994,2.0,2.0,1.0,1.0,3.0,1.0,8,5,2005,1.0,620,0,2009,4.0,257000
50,6.0,64.0,13053,2.0,1.0,2.0,1.0,3.0,1.0,6,7,1923,1.0,370,0,2008,2.0,207000
120,6.0,51.0,3635,2.0,1.0,1.0,1.0,3.0,4.0,7,5,2007,1.0,660,0,2009,2.0,175900
190,8.0,60.0,11340,2.0,1.0,1.0,1.0,3.0,2.0,4,6,1885,1.0,560,0,2010,2.0,122500
20,6.0,71.0,9204,2.0,1.0,1.0,1.0,3.0,1.0,5,5,1963,1.0,336,0,2008,4.0,124000
60,6.0,90.0,11700,2.0,1.0,1.0,1.0,3.0,1.0,6,6,1968,1.0,776,0,2006,2.0,179900
120,6.0,53.0,4043,2.0,1.0,1.0,1.0,3.0,4.0,6,5,1977,1.0,440,0,2010,2.0,127500
120,8.0,37.0,4435,2.0,1.0,1.0,1.0,3.0,4.0,6,5,2003,1.0,420,0,2008,2.0,136500
20,6.0,80.0,10721,2.0,2.0,1.0,1.0,3.0,1.0,6,6,1959,1.0,528,0,2008,2.0,142000
60,6.0,81.0,10944,2.0,2.0,1.0,1.0,3.0,1.0,7,5,1994,1.0,525,0,2008,2.0,271000
50,6.0,60.0,10930,2.0,1.0,2.0,1.0,1.0,1.0,5,6,1945,1.0,288,0,2008,2.0,140000
30,8.0,60.0,7200,2.0,1.0,1.0,1.0,3.0,1.0,5,7,1940,1.0,240,0,2010,2.0,119000
60,6.0,60.0,21930,2.0,4.0,1.0,1.0,5.0,1.0,5,5,2005,1.0,372,0,2006,2.0,192140
30,6.0,60.0,10800,2.0,1.0,1.0,1.0,3.0,1.0,4,6,1927,1.0,216,0,2007,2.0,64500
60,6.0,93.0,10261,2.0,2.0,1.0,1.0,3.0,1.0,6,5,2000,1.0,451,0,2008,2.0,186500
20,6.0,80.0,17400,2.0,1.0,4.0,2.0,3.0,1.0,5,5,1977,1.0,484,0,2006,2.0,160000
20,6.0,80.0,8400,2.0,1.0,1.0,1.0,3.0,1.0,6,9,1962,1.0,462,0,2008,4.0,174000
20,6.0,60.0,9000,2.0,1.0,1.0,1.0,3.0,1.0,4,6,1971,1.0,528,0,2007,2.0,120500
20,6.0,96.0,12444,2.0,1.0,1.0,1.0,3.0,1.0,8,5,2008,1.0,774,0,2008,3.0,394617
20,8.0,90.0,7407,2.0,1.0,1.0,1.0,1.0,1.0,6,7,1957,1.0,923,0,2010,2.0,149700
60,6.0,80.0,11584,2.0,1.0,1.0,1.0,3.0,1.0,7,6,1979,1.0,550,0,2007,2.0,197000
70,6.0,79.0,11526,2.0,2.0,2.0,2.0,3.0,1.0,6,7,1922,1.0,672,0,2008,2.0,191000
60,3.0,85.0,11003,2.0,1.0,1.0,1.0,3.0,1.0,10,5,2008,1.0,812,0,2009,2.0,310000
20,6.0,63.0,8500,2.0,1.0,1.0,1.0,3.0,1.0,7,5,2004,1.0,626,0,2007,2.0,179600
85,6.0,70.0,8400,2.0,1.0,1.0,1.0,3.0,1.0,6,5,1966,1.0,240,0,2007,2.0,129000
60,6.0,80.0,10000,2.0,1.0,1.0,1.0,3.0,1.0,8,5,1995,1.0,556,0,2007,2.0,240000
50,6.0,70.0,11767,2.0,1.0,1.0,1.0,3.0,1.0,4,7,1910,0.0,384,0,2007,2.0,112000
90,6.0,60.0,9000,2.0,1.0,1.0,1.0,3.0,3.0,5,5,1974,1.0,0,0,2009,2.0,136000
20,6.0,78.0,9262,2.0,1.0,1.0,1.0,3.0,1.0,8,5,2008,1.0,840,0,2009,3.0,287090
180,8.0,35.0,3675,2.0,1.0,1.0,1.0,3.0,4.0,5,5,2005,1.0,525,0,2006,2.0,145000
20,6.0,90.0,17217,2.0,1.0,1.0,1.0,3.0,1.0,5,5,2006,1.0,0,0,2006,2.0,84500
20,3.0,62.0,7500,2.0,1.0,1.0,1.0,3.0,1.0,7,5,2004,1.0,400,0,2009,2.0,185000
60,6.0,62.0,7917,2.0,1.0,1.0,1.0,3.0,1.0,6,5,1999,1.0,460,0,2007,2.0,175000
20,6.0,85.0,13175,2.0,1.0,1.0,1.0,3.0,1.0,6,6,1978,1.0,500,0,2010,2.0,210000
70,6.0,66.0,9042,2.0,1.0,1.0,1.0,3.0,1.0,7,9,1941,1.0,252,0,2010,2.0,266500
20,6.0,68.0,9717,2.0,1.0,1.0,1.0,3.0,1.0,5,6,1950,1.0,240,0,2010,2.0,142125
20,6.0,75.0,9937,2.0,1.0,1.0,1.0,3.0,1.0,5,6,1965,1.0,276,0,2008,2.0,147500
